"Mean biomass (tons), excluding first ages specified in input"
"Time","lesserSpottedDogfish","redMullet","pouting","whiting","poorCod","cod","dragonet","sole","plaice","horseMackerel","mackerel","herring","sardine","squids","cuttlefish","thornbackRay"
0.083333336,0.0,0.0,0.0,611.35345,0.0,56.974365,0.0,0.0,76.66094,0.0,0.0,6066.6553,0.0,27.793707,0.0,0.0
0.16666667,0.0,0.0,520.91425,19753.951,26.832003,2960.933,152.3862,0.0,25617.328,0.0,0.0,88268.88,0.0,227857.73,0.0,0.0
0.25,0.0,0.0,43370.945,203373.53,3158.3564,30929.87,9712.551,1376.8693,97421.805,6583.3906,0.0,270138.97,0.0,461838.84,0.0,0.0
0.33333334,0.0,0.0,333707.3,431132.28,18650.922,89785.57,16374.148,104968.26,221587.55,88482.586,0.0,1019341.0,0.0,1228498.6,14.547584,0.0
0.41666666,0.056725457,41.927933,455292.72,812838.0,61094.043,123974.445,20121.41,235115.14,300692.25,245928.67,275.79187,6026153.0,9686.541,1665977.9,41596.473,0.0
0.5,587.3704,2169.499,753562.8,1621568.6,126005.836,165982.3,26839.611,348368.88,343131.2,345307.97,13439.637,1.8988558E7,162617.25,3116005.8,91051.31,0.0
0.5833333,3609.1033,12065.525,1207499.2,2604852.2,207323.14,259400.45,33103.32,417268.25,348392.97,361732.47,75886.086,4.335109E7,300006.94,5435743.0,139079.77,0.0
0.6666667,7734.115,14595.672,1448136.9,3637288.5,288375.12,347197.28,38515.574,403186.56,320079.0,455477.16,167069.78,6.9025704E7,251859.81,7157164.0,178786.36,16.613487
0.75,10075.52,16321.955,1304420.9,4855737.5,322324.56,338526.7,36096.22,356010.6,285737.44,506774.6,206504.17,8.498669E7,143205.34,8773027.0,211189.17,100.19056
0.8333333,12018.491,10501.154,1119828.2,4995161.5,330077.16,365719.62,28505.293,297217.72,266600.56,411064.75,179584.83,9.477736E7,84661.51,9768212.0,229205.73,222.53944
0.9166667,12738.36,9173.801,980383.06,5115712.5,304004.97,375272.56,24135.6,247665.94,248204.23,312181.56,138499.81,9.184704E7,55993.535,1.0590884E7,239353.77,395.54257
1.0,13192.212,10874.503,882068.56,5019227.0,266313.38,302499.53,19167.27,219953.53,232943.6,288363.1,133407.72,8.902646E7,37166.324,1.997559E7,250151.44,612.6419
1.0833334,13231.751,11058.969,753345.1,4759678.5,235770.77,239641.19,16906.426,191565.36,223946.31,229460.45,122593.55,8.630921E7,31829.664,1.0077261E8,271529.25,864.40015
1.1666666,12875.963,11172.542,675298.44,5740497.0,215002.77,218972.88,16100.905,155966.06,215429.0,234393.78,121795.48,8.376224E7,24261.979,2.1822955E8,319139.78,1119.0935
1.25,12665.827,11320.363,691711.44,8254528.0,198072.05,203792.38,15430.063,128853.086,218994.62,255052.6,151370.0,8.110222E7,9642.368,2.5937194E8,352209.22,1410.4167
1.3333334,11977.485,11546.496,946245.3,9554154.0,193882.55,223114.0,13972.054,98527.7,204741.28,254137.38,183811.78,8.1135496E7,7644.8247,2.7594205E8,370040.16,1733.8136
1.4166666,10745.271,11002.088,2446980.0,1.2082589E7,267245.53,200482.5,9549.491,81972.31,195739.83,228408.81,195544.25,9.150747E7,4514.324,2.991811E8,506222.0,2069.6814
1.5,9861.009,10646.907,3089465.2,1.5936248E7,331426.97,244754.27,9002.4375,67178.54,232241.3,204694.92,186477.2,1.0361807E8,2526.075,3.0956493E8,632299.2,2429.4192
1.5833334,11840.02,12858.316,2865297.5,1.7889922E7,356524.4,313951.1,7094.3213,58722.08,241216.98,195598.06,201754.75,1.1575739E8,1629.7067,3.1015475E8,651463.0,2802.7537
1.6666666,14837.964,15059.832,2567504.5,2.1188742E7,324229.1,384423.72,6667.5317,49494.8,205696.62,146053.33,228586.3,1.2740675E8,1402.9036,3.1713875E8,618478.8,3191.827
1.75,15651.997,14708.324,2018135.5,2.3820312E7,300273.47,425328.34,5882.1836,39933.2,157322.69,113924.49,203996.03,1.3859317E8,1154.8402,2.9884365E8,561730.7,3640.042
1.8333334,16904.084,12027.725,1918256.8,2.6546244E7,266277.75,504630.9,4836.4556,31958.713,133416.58,114081.78,194821.3,1.4194859E8,658.1382,2.8053363E8,514439.47,4107.7437
1.9166666,17406.941,9655.976,1724899.1,2.9675922E7,243790.97,591956.94,4367.947,26983.055,110040.33,112681.77,180518.84,1.341948E8,570.7476,2.6471334E8,461098.1,4599.465
2.0,17155.402,8666.713,1519480.4,3.0444274E7,243047.73,590039.7,3801.5574,22487.96,96776.83,91139.98,163909.7,1.2695134E8,1640.2457,2.7504E8,409839.38,5073.9624
2.0833333,15669.062,7249.1807,1352858.1,2.946689E7,236378.69,577643.8,3258.7441,19334.586,88078.234,86310.6,164977.17,1.18929016E8,1450.637,4.4662413E8,377328.78,5583.9795
2.1666667,13417.093,6369.086,1220069.9,2.9790368E7,234884.38,587119.94,3226.9941,16910.959,87860.55,78832.95,167262.92,1.1136508E8,1594.9913,6.4085786E8,413149.28,6084.635
2.25,12522.857,5807.881,1311408.2,3.2275302E7,248685.17,598796.4,3295.5505,15715.403,89693.445,67675.69,169135.62,1.0061723E8,2148.562,6.755625E8,451334.1,6590.359
2.3333333,11667.403,5568.0635,2092741.0,3.4026028E7,300772.44,599358.44,3508.388,17042.943,88885.46,71060.69,195158.9,9.7605416E7,4299.8057,6.626433E8,424774.4,7096.836
2.4166667,12161.057,5618.4614,3968449.8,3.8096564E7,358363.16,695219.94,3453.51,22003.273,134771.23,85210.47,256440.72,1.0222847E8,5346.7114,6.64542E8,598437.5,7587.131
2.5,13386.634,6039.4097,5490851.5,4.343229E7,390230.8,848685.4,3646.09,32444.566,174446.23,90260.516,280144.84,1.0702082E8,8142.3853,6.685538E8,671424.25,8071.5234
2.5833333,15667.179,8085.9985,6008681.0,5.183921E7,423939.6,1051773.9,4089.376,36303.887,174438.72,108520.766,288565.7,1.1208268E8,11039.033,6.668661E8,687115.44,8540.019
2.6666667,19094.404,9947.01,6070299.5,5.910475E7,396762.56,1237257.2,4289.89,35724.734,165635.98,119128.95,314239.5,1.1695562E8,13109.646,6.963655E8,665216.25,9010.245
2.75,21513.248,10384.636,5860601.0,6.490159E7,363066.22,1384418.9,4846.1953,31483.926,146913.42,122547.55,302957.3,1.21043944E8,7612.477,6.6914304E8,634788.44,9516.203
2.8333333,23213.559,9545.601,5128789.5,6.3291424E7,353618.06,1638743.2,4242.089,28437.201,135611.5,117423.13,275093.5,1.1844779E8,3599.0837,6.31063E8,586328.8,10028.361
2.9166667,23637.494,10324.944,4439638.5,6.5352664E7,339152.38,1926851.4,3969.9443,24402.256,126815.46,94139.42,221730.52,1.0920861E8,3301.11,5.538122E8,536549.8,10547.551
3.0,22249.188,9815.248,3885316.8,6.778591E7,334101.16,1950586.5,3499.9917,21174.346,122673.555,82125.484,197250.81,1.0241545E8,3585.7637,5.153424E8,488296.12,11066.892
3.0833333,21445.768,9932.822,3607681.5,6.892573E7,330325.84,1969249.6,2644.126,19653.135,118809.21,77594.04,155549.2,9.607635E7,3638.0977,5.1231536E8,473150.8,11586.888
3.1666667,20878.531,9244.545,3422397.2,7.251632E7,291330.6,1889078.8,2679.3032,18633.322,118356.79,76346.7,47141.473,8.899013E7,3511.0754,5.2949328E8,540251.5,12062.833
3.25,20524.879,8769.191,4052756.2,7.718674E7,181647.77,2012160.0,2275.1438,16843.79,94350.766,76544.59,55184.055,8.316125E7,4311.5747,5.2981034E8,604699.3,12533.16
3.3333333,19450.783,7571.514,6347330.0,9.29738E7,103619.625,2145510.5,2845.3809,20447.86,120979.93,75992.14,54622.145,8.0537816E7,6582.1084,5.759695E8,605798.25,12980.8
3.4166667,19399.322,6674.535,1.0296541E7,1.20107784E8,143824.28,2611646.5,3864.669,36168.63,276609.72,78267.3,61248.44,8.145496E7,4807.5283,6.1861984E8,649220.25,13420.759
3.5,20754.178,6634.6963,1.3093951E7,1.5995966E8,126892.375,2650934.2,4976.4946,68497.77,474698.12,102207.21,62428.695,8.218184E7,4271.6836,6.9247405E8,720917.5,13838.552
3.5833333,23366.746,8631.169,1.5135327E7,1.6741147E8,136040.25,3135449.8,4260.1587,83466.59,499144.94,109965.71,83018.86,8.272359E7,5265.945,7.60571E8,753893.94,14240.672
3.6666667,27163.156,8353.387,1.680416E7,1.6414008E8,128903.53,3616267.2,4538.9307,64647.97,433583.7,127506.875,110563.06,8.308629E7,3750.7625,8.2979974E8,720576.75,14613.523
3.75,28800.693,7965.926,1.4755928E7,1.6885394E8,124135.56,3884626.2,5137.109,46712.473,398019.22,136569.06,125512.305,8.3276776E7,2556.3147,7.749635E8,661617.44,14957.33
3.8333333,30189.959,5627.5767,1.2551307E7,1.5587997E8,73009.92,4258453.5,4821.249,39265.688,341858.22,105116.81,120646.99,7.750809E7,911.9313,7.200949E8,581570.0,15278.124
3.9166667,31309.33,4085.8506,1.1147663E7,1.892628E8,71860.92,4656260.5,3862.1482,29943.955,276800.16,89724.36,121085.09,7.1824296E7,1026.6293,6.2142214E8,528279.06,15569.177
4.0,30264.46,4087.9993,9840565.0,1.7979426E8,68930.29,4823830.0,2965.11,22557.936,257452.17,85705.76,109005.04,6.426955E7,2018.7205,5.6409024E8,460232.25,15856.066
4.0833335,27842.709,4247.293,9084595.0,1.6622466E8,66814.25,4982581.5,2469.1084,19521.021,242797.97,79459.79,87084.984,5.9590212E7,1520.0747,6.7411085E8,413910.28,16114.82
4.1666665,27710.605,4319.099,8602452.0,1.6621982E8,59555.965,5550735.5,2185.9116,16780.727,224896.5,80294.484,69996.93,5.539481E7,1492.2479,8.0074963E8,405517.0,16319.058
4.25,27931.217,3631.6558,8256272.5,1.8196946E8,56712.438,6044367.5,2020.1262,13890.34,219555.45,84922.47,68310.49,5.2518684E7,1322.5526,7.917038E8,394314.0,16501.178
4.3333335,28863.336,3445.6414,8587560.0,1.8875691E8,50850.574,6691342.0,2121.5022,17404.703,221823.47,95974.14,75046.164,5.086676E7,1551.9518,7.6954554E8,304470.66,16648.94
4.4166665,29039.531,3599.4634,1.1036333E7,1.8594338E8,54376.523,7208506.0,3030.8887,30437.492,264980.47,154457.23,96645.76,5.0360628E7,3516.009,7.623917E8,263341.44,16763.152
4.5,28997.54,4451.583,1.3655842E7,2.0621282E8,55631.906,7772072.5,3081.2524,53170.902,251695.11,132416.88,105563.0,4.9790536E7,711.0314,7.409006E8,292242.03,16864.889
4.5833335,29500.52,6252.281,1.542799E7,2.346752E8,54695.902,8235978.5,3371.0269,64922.45,244914.05,113401.33,134967.53,4.916188E7,435.44415,7.661863E8,283366.0,16936.24
4.6666665,29218.52,5012.554,1.3927952E7,2.1967029E8,53657.066,8792229.0,3785.5864,60372.016,210286.1,167628.69,188638.55,4.8479828E7,994.1468,7.552632E8,264522.12,16989.295
4.75,28892.385,6180.725,1.1267014E7,2.0577022E8,59082.945,9325963.0,4133.9663,39303.496,193702.67,272086.78,189610.97,4.7749496E7,746.2357,7.259485E8,255812.95,17054.014
4.8333335,29249.148,6220.1055,9636965.0,1.9417776E8,56062.34,9918012.0,4552.6836,31430.244,160610.73,227415.12,157413.16,4.4246964E7,192.05124,6.729766E8,233598.55,17104.459
4.9166665,29010.172,5470.8413,9242064.0,1.9666454E8,52786.547,9645831.0,3311.6672,19559.828,110264.92,72194.664,91370.04,3.9981084E7,72.78842,5.846998E8,214552.48,17155.947
5.0,28708.832,5561.7485,8073643.5,1.9017419E8,49043.94,9283043.0,2855.866,16464.264,102123.57,66521.695,74453.79,3.452784E7,265.734,5.7447226E8,192350.95,17219.02
5.0833335,28142.916,5832.951,7585489.5,2.082516E8,44761.64,8957770.0,2997.1956,14760.79,97117.42,63780.07,65799.375,3.21793E7,426.6096,1.1302984E9,190798.45,17274.87
5.1666665,27539.973,5724.026,6568898.0,2.0492299E8,42988.836,8926796.0,3173.2551,12581.122,93060.664,63014.527,60296.332,3.0583362E7,456.30725,1.9072969E9,226416.31,17274.143
5.25,27100.13,5367.1875,6182849.5,2.3443541E8,42415.96,9785361.0,3383.9775,11752.561,86691.414,63678.523,58332.37,2.905763E7,650.892,2.0728302E9,260341.28,17273.781
5.3333335,27231.152,5216.5757,6930552.5,2.5029749E8,47259.863,1.1088083E7,4042.9392,13365.833,88199.47,75709.79,65008.074,2.7735974E7,1159.5701,2.07777E9,270247.03,17272.486
5.4166665,27025.896,4468.658,1.0193119E7,2.640939E8,60496.445,1.1230964E7,4539.035,20779.54,90012.61,78986.55,80976.72,2.7127362E7,1585.5967,2.0596676E9,318683.5,17264.62
5.5,27096.865,4807.7314,1.083478E7,2.896699E8,79592.94,1.0428754E7,5542.5605,36253.62,118170.46,73757.17,79557.81,2.6509658E7,3086.5713,1.9502024E9,346045.34,17257.11
5.5833335,27853.63,6147.6885,1.2092405E7,3.2137123E8,81218.35,1.0567385E7,7534.893,51998.04,86562.45,67851.05,97596.19,2.5884988E7,5249.7007,1.9064832E9,353043.9,17233.002
5.6666665,28910.086,5966.365,1.1518696E7,3.0959462E8,79367.21,1.117431E7,7487.1997,46242.668,73793.22,71321.68,136202.61,2.5255334E7,6125.0674,1.8262408E9,332191.5,17209.36
5.75,29874.625,5373.572,1.0288794E7,2.9932246E8,70328.03,1.0771106E7,8377.697,36462.56,65483.516,71726.22,138838.84,2.4622544E7,5633.889,1.738057E9,301948.7,17229.62
5.8333335,30612.998,5691.0947,9063497.0,2.90043E8,66161.25,1.097508E7,8479.369,31402.232,50370.938,61889.562,131252.55,2.3468382E7,4478.1226,1.6472018E9,271094.2,17280.178
5.9166665,30952.148,5863.915,7675360.0,2.8606006E8,56488.15,1.0749669E7,7107.156,24187.959,35353.99,51429.902,122545.29,2.2178058E7,3441.672,1.495909E9,229109.02,17353.525
6.0,30800.285,6688.0635,6600001.5,2.5768648E8,50107.508,1.0983158E7,7508.576,16119.338,33292.055,47698.406,122779.92,2.1338852E7,3820.0686,1.4252668E9,214797.33,17449.992
6.0833335,30576.605,7422.1826,5790772.0,2.4705336E8,43948.47,1.107584E7,7756.919,14947.277,32115.06,45922.96,87280.38,2.0335948E7,3555.1116,1.502702E9,211753.36,17565.326
6.1666665,29867.752,7312.218,4842571.5,2.4316453E8,40529.375,1.1089414E7,7245.432,12688.677,34301.445,44491.867,52770.97,1.8077952E7,4364.421,1.6650278E9,240633.7,17658.826
6.25,29628.602,7057.497,5078412.0,2.5236142E8,38213.164,1.4969755E7,6553.54,10310.117,44278.098,44316.92,57361.484,1.5862571E7,2905.6602,1.653957E9,266079.94,17768.764
6.3333335,29167.443,6955.4355,6860050.0,2.940942E8,40880.688,2.3819434E7,4926.1123,11995.844,52960.992,52112.81,64482.113,1.5098697E7,3518.0781,1.6222525E9,259200.58,17877.23
6.4166665,28411.225,6695.142,1.0865019E7,3.4438528E8,44608.77,2.916433E7,4617.6196,17826.428,93286.164,84854.67,86827.64,1.4651462E7,3396.2104,1.6652442E9,276002.38,17986.951
6.5,27446.084,6777.0205,1.7974902E7,3.789439E8,55744.23,3.1417938E7,4647.006,31013.9,146341.44,106434.73,95174.805,1.4209872E7,4393.008,1.8585016E9,308192.78,18109.283
6.5833335,27448.715,6049.495,1.7213504E7,4.208716E8,64466.55,3.2890846E7,4909.7715,40612.297,146617.52,88083.14,110341.57,1.3774496E7,7174.318,2.0066268E9,286127.4,18224.98
6.6666665,28550.15,6601.9644,1.5507408E7,4.211239E8,70946.164,3.166017E7,4749.7803,39284.99,128876.11,95258.03,133605.05,1.334583E7,6515.233,2.017456E9,267331.0,18327.19
6.75,29065.92,6808.8433,1.3102419E7,4.1507114E8,64115.95,2.8381264E7,5385.3306,32071.43,107605.76,46115.5,72781.69,1.2924321E7,3383.6094,1.9886977E9,240440.48,18496.97
6.8333335,29663.445,5770.278,9617976.0,3.885101E8,53072.61,2.5857162E7,3966.167,20820.396,100240.68,43672.164,59874.47,1.1864257E7,2962.2922,2.0165619E9,226936.19,18671.006
6.9166665,30260.346,6756.592,5867999.5,3.7088746E8,51741.96,2.5382776E7,3359.7961,16931.879,93908.5,33135.91,45273.418,9948736.0,1476.1945,1.8571575E9,202379.58,18848.002
7.0,30029.201,6381.825,5213462.0,3.4786528E8,47272.887,1.7056888E7,2974.6675,10570.823,88292.29,30411.148,38252.758,9322900.0,937.71606,1.7224114E9,202102.2,19037.648
7.0833335,29330.746,5741.1597,4936528.0,3.145524E8,41522.15,1.6633029E7,1827.065,8782.311,83930.28,29075.232,32619.543,8802802.0,1840.2797,2.0418856E9,202251.27,19218.379
7.1666665,27885.438,4727.6646,4671167.5,3.0532867E8,40767.02,1.6174504E7,1735.5509,7831.6973,87090.51,27115.299,30712.543,7621347.5,1144.9662,2.5536092E9,220606.17,19389.838
7.25,27284.639,3938.6174,5164802.5,3.2665008E8,39410.086,1.8240546E7,1539.9442,7161.1587,87008.49,27610.764,28980.336,6812893.0,2456.381,2.6760594E9,236120.86,19556.525
7.3333335,26731.848,3974.0366,6930829.5,3.5352995E8,45149.883,1.9317576E7,538.00726,8811.403,97681.555,30345.986,41918.855,6373969.5,3252.943,2.5866604E9,208034.02,19711.059
7.4166665,26561.559,3949.7886,5861113.5,3.8050138E8,61409.07,2.1263554E7,431.49643,15467.228,102375.234,32301.111,36280.867,6151489.0,2295.1985,2.641065E9,253159.28,19871.037
7.5,25688.227,4126.2563,4938351.0,3.9806163E8,79501.25,2.3906408E7,498.28604,31276.494,94048.305,66734.586,33677.65,5934840.0,2209.146,2.5465756E9,278867.44,20011.494
7.5833335,26525.129,5082.8,5245741.0,3.7123856E8,75543.85,2.3524096E7,678.826,29060.229,88607.85,106018.52,44887.223,5724034.5,1850.3248,2.483553E9,287585.97,20146.768
7.6666665,27526.234,6560.147,4353697.0,3.4824445E8,74464.35,2.267439E7,745.8346,25798.42,81386.86,118415.23,62518.38,5519027.0,2687.6064,2.4627702E9,255476.84,20268.521
7.75,28636.238,7839.205,3628733.0,3.1525072E8,67254.4,2.1798898E7,1177.1765,24739.717,73478.36,114279.85,61465.41,5319649.5,1101.4197,2.3560474E9,243538.22,20418.84
7.8333335,29526.2,6383.2236,2623230.5,2.9309254E8,61715.1,2.0524428E7,1006.2441,22780.18,67132.31,108635.586,25699.49,4920382.0,677.15314,2.1599414E9,233598.17,20571.533
7.9166665,29948.629,6111.965,2508852.0,2.7440563E8,49919.78,1.8924278E7,770.8671,19330.555,59135.71,21193.734,23913.883,4332859.5,626.50525,1.936596E9,209576.14,20736.207
8.0,29353.588,6212.8594,2358090.0,2.3483942E8,44376.938,1.6695034E7,718.1648,15636.331,54143.625,16155.49,9352.666,4018700.8,535.4799,1.8778984E9,204702.1,20886.67
8.083333,27822.906,5643.6787,2290356.2,2.1453043E8,41080.44,1.4685016E7,519.15106,14118.775,49124.91,15934.582,8635.428,3627443.8,786.88794,2.9115108E9,219596.58,21050.266
8.166667,27241.037,5041.4507,2136346.2,2.0998147E8,36788.19,1.483313E7,534.7989,13046.319,47942.156,16035.717,9218.1,3161572.5,960.1095,4.147791E9,263096.12,21136.277
8.25,26589.898,4706.7227,1475154.5,2.1939013E8,32928.15,1.6479215E7,556.7837,11297.708,52837.633,16483.883,17766.885,2874518.2,868.3459,4.3944924E9,301274.03,21240.236
8.333333,26035.78,4364.6636,1826607.9,2.415313E8,36992.656,2.1128904E7,335.45166,14477.287,56279.742,18021.234,31099.281,2745090.2,1372.2919,4.1822336E9,311463.78,21327.955
8.416667,25002.352,4731.962,3444824.2,2.6301384E8,41109.203,2.5152226E7,101.25501,23851.725,65655.164,19047.6,35625.56,2640971.8,1702.1852,3.987026E9,383894.25,21408.668
8.5,24345.818,5035.879,5235109.5,3.0822848E8,52279.59,2.7001404E7,118.77261,38106.434,88433.39,22431.432,56895.5,2540799.0,2410.826,3.7568753E9,443062.1,21467.408
8.583333,25690.502,5053.754,5987204.5,3.3394365E8,55801.906,3.0336298E7,154.56165,43699.035,61373.316,26226.715,77816.875,2444516.5,4990.786,3.5399624E9,442627.28,21512.443
8.666667,26811.314,5423.8945,5958513.0,3.6558518E8,62477.074,2.7591356E7,240.09465,30592.197,38544.72,32244.494,93321.195,2351314.2,3669.7498,3.3458348E9,411113.88,21550.19
8.75,27205.266,5448.586,5562883.5,3.7971872E8,63463.516,2.8387162E7,373.10785,24002.84,31035.045,28749.826,97410.14,2260589.0,3264.8403,3.100171E9,365959.53,21626.855
8.833333,28006.533,5136.694,5451625.0,3.6529715E8,61106.93,2.385814E7,359.8229,20032.96,27026.807,24603.77,94657.95,1823053.9,2654.7158,2.8558157E9,329317.06,21704.91
8.916667,28290.416,4984.501,5245917.5,4.004572E8,57203.2,2.1771266E7,374.7999,17275.227,24446.568,21279.09,104490.336,1644588.4,2996.9026,2.5160968E9,261910.66,21790.871
9.0,27149.342,5015.2104,5147529.0,4.4285494E8,55961.45,2.1077464E7,271.4022,13646.355,23252.846,15540.33,128115.64,1519719.2,4340.33,2.8351598E9,246310.98,21896.42
9.083333,26395.58,4986.1074,4849996.0,4.5579654E8,51496.105,2.0992388E7,102.44171,13337.874,22750.85,9934.165,150750.52,1432652.1,6291.65,6.0411064E9,226870.9,22015.162
9.166667,26104.268,4466.62,4531670.5,5.0674595E8,46188.09,2.0386566E7,103.8833,11616.486,23350.824,8711.749,148109.22,1287660.1,7966.601,9.731141E9,246664.67,22093.121
9.25,25589.951,4251.399,4888027.0,5.622157E8,41984.156,2.0802588E7,142.61255,9758.286,24159.172,8471.407,183798.89,1231752.5,10751.322,1.0635667E10,264711.3,22164.201
9.333333,25176.484,4320.3545,5642169.5,6.292465E8,43981.438,2.3785378E7,214.44133,7234.532,35563.75,9666.37,247562.52,1189726.5,17609.023,1.0725368E10,237308.55,22212.045
9.416667,24857.059,4214.7236,1.2157794E7,6.938129E8,54663.367,3.47505E7,294.24042,10119.361,72038.89,17709.53,328756.34,1142687.9,24081.91,1.0841878E10,277617.12,22273.527
9.5,24719.023,4583.5146,1.542203E7,8.603245E8,69411.43,3.967893E7,449.51337,13722.244,114776.55,27675.113,362070.38,1097733.1,21875.59,1.0675618E10,343308.7,22323.682
9.583333,25309.451,5988.008,1.5610911E7,1.081842E9,76768.92,5.973407E7,693.7568,15435.955,137127.05,36614.484,347586.66,1054365.1,26487.82,1.0380702E10,301013.9,22361.652
9.666667,26907.88,7658.4907,2.2449954E7,1.3095587E9,93519.43,6.8188616E7,1079.1722,20153.445,117735.6,39749.863,310041.72,1012017.1,24449.146,1.0130031E10,279078.2,22390.836
9.75,27557.346,9451.996,2.0980674E7,1.4591676E9,95946.04,6.6865532E7,1285.5162,17416.244,97377.77,39769.035,305877.62,971196.44,24043.736,9.683371E9,252024.6,22488.336
9.833333,28429.758,8602.113,1.976457E7,1.5288516E9,90864.984,8.564911E7,1203.8123,16194.316,78332.61,44425.652,273857.75,866442.0,21668.041,9.520844E9,235687.33,22583.113
9.916667,28700.844,7586.2046,1.8474354E7,1.5623683E9,83075.33,8.458775E7,840.1963,14705.378,52102.535,51825.5,243959.36,801220.25,13709.498,8.861924E9,191103.77,22719.889
10.0,28273.316,6266.445,1.3688146E7,1.5415849E9,61182.844,9.330686E7,1030.1066,11344.45,23085.432,52775.145,232520.98,750088.56,8364.619,8.24479E9,157481.2,22887.803
10.083333,26486.102,5702.393,1.2694746E7,1.7112173E9,58139.617,9.462573E7,983.391,9462.961,21475.037,50824.723,232656.22,527441.8,7751.8423,7.804403E9,161601.02,23063.004
10.166667,24732.492,4723.294,1.1706289E7,1.9800782E9,47843.645,1.06961976E8,923.20807,8701.267,20304.576,62008.65,233791.81,428178.28,9118.039,7.7799695E9,191420.84,23164.32
10.25,23954.08,4986.585,1.2738834E7,2.8861187E9,44979.15,1.0020426E8,1034.1831,8166.26,17252.666,49377.35,230576.61,414177.66,12878.64,8.481762E9,218095.5,23293.41
10.333333,23289.354,5128.1377,1.9047092E7,4.1244818E9,46436.043,1.01127016E8,1288.0626,12018.041,21308.61,55792.027,226147.25,398872.94,4188.9844,1.0622816E10,226657.6,23441.162
10.416667,22535.242,4964.035,1.5812258E7,5.110199E9,49644.625,1.0431559E8,1472.6832,20077.975,35586.77,57545.07,220912.3,382577.97,3788.4912,1.3864753E10,272198.0,23582.328
10.5,21552.062,5103.8066,2.4405482E7,5.682839E9,54838.074,1.0663957E8,1849.577,38773.29,54596.902,86857.78,233733.92,366988.4,4374.633,1.6159082E10,287471.88,23716.34
10.583333,21941.17,6596.847,4.687475E7,6.69772E9,56440.71,1.0522527E8,2286.601,48202.902,60901.27,132762.97,313354.16,352089.7,3634.1355,1.802322E10,276713.72,23845.96
10.666667,22591.28,9304.293,8.787397E7,6.6205865E9,57794.957,1.0283403E8,2533.5627,43563.277,53001.04,164665.23,393169.53,337824.03,3875.7441,2.076524E10,254835.53,23981.014
10.75,22870.07,9138.072,8.1582696E7,6.729911E9,50837.81,9.182823E7,2786.493,27910.889,40350.938,198248.2,386652.03,323996.4,1920.7172,2.0397095E10,243625.17,24162.988
10.833333,23836.367,8618.765,8.422203E7,6.2591053E9,51520.727,8.645682E7,2045.7535,19802.422,35266.36,187222.62,380331.88,211921.84,1453.9576,1.9084462E10,222774.58,24339.441
10.916667,24615.488,8651.347,6.8870216E7,6.767292E9,52246.285,7.216486E7,2138.481,10345.382,32270.46,184437.84,292569.4,112208.48,857.0996,1.789379E10,205712.61,24529.762
11.0,24442.363,7290.6914,5.587627E7,6.457828E9,44408.637,5.885283E7,2762.4766,5496.3525,30085.236,187541.75,268299.0,20541.406,1127.4806,3.3646946E10,188494.73,24732.566
11.083333,23928.559,7380.822,4.3633492E7,6.12438E9,42229.22,6.2201668E7,2546.789,5076.4253,28905.568,204119.27,256369.64,10970.63,1140.8109,1.34534005E11,182884.92,24904.246
11.166667,23708.479,7230.4478,3.600429E7,6.1699446E9,39817.125,6.0349164E7,1499.1364,4503.6504,28796.719,218010.22,247874.45,10446.263,896.6455,2.4864113E11,208271.14,25007.0
11.25,23620.383,7093.2144,3.1978034E7,8.674449E9,36723.46,5.7501804E7,1805.9738,4324.219,39640.355,225947.33,240264.06,5659.435,925.8683,2.7837812E11,230900.72,25126.51
11.333333,23277.08,7485.469,3.555079E7,1.0848572E10,42664.195,6.2199624E7,1939.1914,7099.003,61373.215,230855.72,628790.25,10419.928,900.3905,2.824702E11,219924.9,25255.535
11.416667,23401.957,7972.918,4.623098E7,1.2875468E10,54704.363,6.859308E7,2791.7993,16085.131,66321.23,256359.84,1489488.2,16663.611,874.61584,2.8608787E11,289495.56,25359.426
11.5,23634.4,8487.2,5.0247036E7,1.3900349E10,79952.07,7.7460296E7,3618.7751,36114.367,93427.21,319418.4,1465696.4,25146.713,1469.0206,2.7843795E11,373114.22,25462.357
11.583333,23424.725,11453.013,6.2553796E7,2.1638455E10,101625.6,8.017843E7,4111.4814,42020.31,117765.75,331576.62,1519627.1,33860.562,4258.785,2.7253873E11,384541.84,25541.572
11.666667,23052.895,15202.74,7.570389E7,2.492313E10,115900.32,8.299341E7,4852.2725,41723.168,96204.01,373866.34,1785648.6,40111.848,4671.3965,2.5845885E11,373676.7,25630.771
11.75,22827.61,13325.577,7.941042E7,3.520629E10,115399.46,9.20218E7,4445.241,27674.232,77987.84,351912.38,2354215.8,44505.03,2476.1501,2.4208042E11,371140.47,25769.176
11.833333,22653.07,12276.444,8.654927E7,4.08725E10,96049.71,1.0548143E8,3065.0054,25469.334,69270.516,382296.25,2504460.2,35729.656,2246.5994,2.3108025E11,353141.8,25909.012
11.916667,22309.33,10266.274,9.4063016E7,3.8961775E10,91283.59,1.01330504E8,1912.4711,20254.154,49691.816,428308.16,3389407.8,21569.697,2401.2922,2.1424151E11,320909.03,26061.418
12.0,21690.555,8532.603,9.1702664E7,3.6371276E10,87413.46,1.08766376E8,1059.7181,16138.818,40335.15,448403.6,3608952.2,13803.98,2910.688,2.102449E11,306949.72,26213.496
12.083333,21261.357,8029.7695,8.83091E7,3.6252692E10,82943.2,1.09173416E8,913.2477,15300.649,42087.29,446228.38,3750944.0,9337.443,3350.235,2.452676E11,336217.1,26371.684
12.166667,21257.31,7224.926,9.174269E7,3.5778666E10,77565.08,1.175807E8,976.13904,12652.737,41496.938,355075.9,3905669.8,12579.551,2948.442,2.831325E11,366830.62,26480.242
12.25,20842.402,7153.678,1.292394E8,3.6455076E10,68702.28,1.21175976E8,986.33496,10424.023,43801.22,423169.72,3790405.5,12491.581,1605.8687,2.7736873E11,386813.7,26571.594
12.333333,20119.041,6945.7603,2.4189187E8,3.643836E10,75567.16,1.2704926E8,1259.7289,9422.822,74928.055,591812.25,4157834.0,21030.89,2078.7903,2.5976028E11,367768.84,26664.463
12.416667,19545.236,6551.3267,1.1665187E9,3.7197484E10,98809.2,1.4178602E8,1448.471,25023.729,122394.38,924306.94,6845576.5,47304.035,2105.098,2.430212E11,490294.8,26757.836
12.5,18516.766,6451.151,2.1230286E9,3.8038524E10,115617.195,1.5612893E8,1729.5709,38988.96,179019.19,1097081.6,1.0994833E7,95161.63,1842.446,2.2803066E11,492937.25,26851.184
12.583333,18488.027,8753.446,2.8719442E9,3.9923335E10,122654.21,1.9529006E8,2698.3938,42689.305,131453.61,1358608.8,1.5938368E7,166474.94,2198.133,2.151844E11,488755.38,26923.947
12.666667,18625.732,8690.896,3.0365276E9,4.2698506E10,137328.42,2.6154354E8,3614.245,38994.844,106667.93,511667.2,1.9593462E7,230285.56,2890.4905,2.0608156E11,468309.2,26985.326
12.75,19171.422,9440.335,3.232706E9,4.147582E10,150896.39,3.2258256E8,4202.9644,21519.33,89792.33,492880.62,2.1432792E7,270486.6,3139.8225,1.9629231E11,457891.94,27105.912
12.833333,19872.742,8050.6914,3.1718449E9,4.1710928E10,138004.55,3.0726643E8,4334.399,16706.287,71831.0,431565.12,2.104511E7,190842.03,2759.8767,1.8299468E11,435573.9,27253.574
12.916667,19852.38,6267.4146,3.0806787E9,3.9293518E10,133287.36,2.9146304E8,3633.745,13233.723,18638.537,389119.4,4802554.5,141461.89,2813.1633,1.6642092E11,386527.88,27404.314
13.0,19243.963,5289.481,2.9280125E9,3.8937076E10,129083.78,2.7739046E8,2825.8796,10690.866,19913.244,388576.3,4603851.0,109112.016,4264.882,1.5676985E11,343437.84,27575.195
13.083333,18441.746,4704.421,2.7411167E9,3.9023354E10,119471.12,2.8743952E8,1303.0311,11620.582,18166.021,392708.38,4833047.0,91092.09,5247.6953,2.9116862E11,369099.72,27767.135
13.166667,17925.596,4517.7544,2.554595E9,4.077522E10,106273.016,3.3659392E8,1106.2559,10885.664,22119.338,396833.75,4888439.0,84106.6,9878.281,4.908586E11,495001.94,27909.342
13.25,17892.115,3411.6382,3.4124388E9,5.5048385E10,108399.516,3.7576746E8,330.70822,9071.771,26390.297,405312.78,4711984.5,99787.63,13935.76,5.658324E11,619353.2,28047.428
13.333333,18135.86,3235.327,5.473741E9,7.392335E10,116392.23,4.207235E8,562.9027,9374.145,30320.938,459036.84,4942252.0,136291.33,12310.218,6.252411E11,699417.9,28181.29
13.416667,18319.75,3443.2124,6.096587E9,8.868461E10,143131.95,4.1119552E8,994.4135,12473.091,41097.477,554135.8,5212303.5,203768.03,8204.172,7.012856E11,1031727.5,28311.443
13.5,17943.006,3837.5361,8.1724585E9,1.022338E11,173653.58,4.7869837E8,1619.1586,20515.53,63586.285,481660.66,4983638.0,300597.72,7629.4326,7.3103475E11,1286593.5,28428.86
13.583333,18650.861,4516.5405,1.3413766E10,1.08413125E11,263968.84,4.9623283E8,2389.7295,39015.395,80067.445,483485.03,5120848.5,399678.4,9481.843,7.586467E11,1275939.1,28528.562
13.666667,19243.955,5449.283,1.543919E10,1.08865724E11,322064.62,5.03074E8,3103.1538,34041.56,58426.76,511854.03,5044355.5,485250.1,11154.541,7.8680916E11,1160245.5,28640.95
13.75,19429.176,4270.404,1.5755966E10,1.0041699E11,288461.28,5.72924E8,3835.8022,24593.05,32971.445,444195.22,4850070.5,539412.4,4134.7773,7.7381743E11,1104684.4,28799.77
13.833333,19818.045,4668.285,1.4413968E10,9.1616805E10,186697.98,6.100977E8,3363.1963,21130.645,30341.377,360378.62,4381482.5,546344.75,3512.912,7.605281E11,1007483.9,28970.809
13.916667,19664.488,6598.9736,1.3391634E10,8.411709E10,159762.36,7.1232294E8,2739.841,13302.535,27677.277,331142.0,4234251.0,481124.4,3344.78,7.019083E11,777733.56,29154.023
14.0,19034.432,6915.1987,9.397288E9,8.495868E10,129277.086,7.9938426E8,1880.7301,4822.561,18346.29,330052.16,4021066.5,347419.78,2847.7058,8.743723E11,707866.6,29340.432
14.083333,17805.19,6720.6562,7.7534285E9,8.4279525E10,107574.31,7.7112237E8,1590.1077,4220.8887,10252.216,332572.7,3799573.0,182185.67,2173.1519,2.4948142E12,674081.94,29536.639
14.166667,16880.041,6962.4463,7.457542E9,8.247684E10,39458.785,7.339626E8,1030.7749,3664.8416,11265.404,332233.0,3594523.8,151456.42,2015.2688,4.586571E12,719462.5,29691.643
14.25,16483.627,6850.1104,1.0009518E10,9.7738105E10,42673.99,7.2052506E8,625.6534,3524.1873,19575.977,338595.72,3408310.2,101469.42,1363.5679,5.125266E12,747543.44,29848.096
14.333333,16278.532,7035.109,1.719569E10,1.3853685E11,51520.82,7.540656E8,293.53967,5124.1216,27245.977,314753.5,3256745.0,115927.65,1312.3422,5.199713E12,678085.94,30009.186
14.416667,16262.665,6264.229,2.3549133E10,1.7979731E11,69494.5,7.7877414E8,92.00964,9682.006,78613.73,351373.66,3200750.8,132440.27,1412.0134,5.2864814E12,567292.4,30117.893
14.5,15618.959,6040.7534,2.5882843E10,2.1553208E11,93529.48,7.902261E8,185.46614,17915.514,94583.69,424341.22,3239618.5,152113.66,1536.0665,5.0613474E12,580965.5,30253.746
14.583333,15594.141,7220.0903,3.2938795E10,2.3957629E11,118622.88,8.308927E8,295.8657,24247.506,84271.77,462193.25,3475414.5,169881.56,2380.6675,4.802876E12,620548.0,30380.797
14.666667,16032.334,7438.9688,4.1780154E10,2.945375E11,119719.22,8.9264205E8,491.53674,22049.69,76179.92,261339.88,3574996.0,186627.5,3191.2817,4.5273973E12,578958.25,30503.527
14.75,16684.936,5939.578,4.3336905E10,3.6719015E11,109588.36,9.750405E8,749.40784,18197.393,70304.88,264660.38,3563272.8,200311.83,1999.436,4.26862E12,537308.25,30690.586
14.833333,16907.217,5691.7227,4.6695498E10,3.957341E11,99618.695,9.6253395E8,663.3751,12831.246,43900.75,242761.58,3572143.8,145002.45,1199.5388,4.0089674E12,508243.2,30898.385
14.916667,16843.271,4887.8853,4.4168884E10,3.7579666E11,88173.26,9.4559546E8,730.93365,11335.464,40230.22,219556.61,3400662.0,135447.05,718.90295,3.7863995E12,388088.5,31124.143
15.0,16428.053,4557.0825,4.0577966E10,3.6910082E11,68973.086,9.394447E8,729.3867,9429.916,25438.342,204542.9,2766675.2,126220.984,1034.6465,3.7266543E12,332063.3,31358.33
15.083333,15635.774,4559.0312,3.8372557E10,3.679657E11,50466.22,9.482483E8,543.1613,8292.984,18313.822,203499.4,2759786.2,108152.98,1131.7457,4.8406583E12,347787.56,31580.377
15.166667,15063.955,3930.1033,3.8315004E10,3.7509346E11,47726.75,9.4840666E8,208.1949,6970.506,13971.306,203856.05,2805178.0,94634.125,997.3403,6.0977106E12,417985.12,31739.35
15.25,14886.683,3664.9219,5.4078714E10,4.383256E11,46494.14,9.885616E8,232.35185,5158.9233,15365.682,208457.12,2770315.8,54498.113,1111.9473,6.2214756E12,482211.94,31907.602
15.333333,14348.17,3856.446,7.6405604E10,5.4502484E11,49848.348,1.02605984E9,195.71056,6180.2153,43533.19,220271.31,2641462.0,60010.16,1851.8198,6.1918056E12,459849.2,32086.56
15.416667,14346.933,4117.0684,1.0650669E11,6.6320086E11,54189.04,1.1858514E9,252.99612,12137.287,76228.234,250638.73,2540697.5,73218.3,1616.454,6.491324E12,624794.9,32265.287
15.5,13978.71,4148.213,1.5123096E11,7.670131E11,63074.01,1.319978E9,354.6438,23250.252,98943.766,259948.47,1847173.9,93328.67,1557.1997,6.4563115E12,608901.5,32395.22
15.583333,14056.57,5633.6865,1.8774055E11,8.759271E11,74640.92,1.3903799E9,612.2268,30346.082,72319.12,259220.75,1205407.2,116423.04,3483.407,6.7154315E12,552045.8,32521.66
15.666667,14744.556,6355.2773,1.8989834E11,9.684549E11,83649.51,1.6032595E9,935.5353,28358.762,63184.367,217224.2,1147596.2,135646.78,3883.401,7.0555816E12,442126.12,32649.227
15.75,15347.182,7741.16,1.9165346E11,1.0264526E12,85337.945,1.4105139E9,1253.227,25122.047,53725.582,182583.38,1127185.0,152161.38,4002.351,6.881032E12,414378.72,32820.74
15.833333,15653.602,5785.2695,1.738043E11,1.1003608E12,83536.555,1.3585326E9,1152.642,21045.02,41248.984,152319.67,1077108.9,140508.19,2793.4214,6.6739036E12,388635.94,33022.53
15.916667,15601.756,5818.892,1.4867567E11,1.1441281E12,70523.07,1.3837428E9,1148.8306,18348.137,17260.164,144243.75,987890.44,110293.77,1256.0841,6.3631597E12,323479.88,33219.793
16.0,14911.629,6020.5493,1.2041682E11,1.1176836E12,67295.73,1.4343639E9,1486.5194,16796.83,16500.547,142546.14,976968.06,88644.55,1200.0067,7.898913E12,286452.75,33387.004
16.083334,14387.951,6283.0825,9.753779E10,1.0734023E12,55428.207,1.4677603E9,1216.9047,14683.532,16352.788,136496.38,940298.94,75651.77,1749.3063,1.9786124E13,290033.97,33599.926
16.166666,13874.7,6097.7812,8.761875E10,1.1031542E12,45221.645,1.4124241E9,1073.0586,13906.644,11564.609,134452.64,902859.7,58338.348,1615.2322,3.3869556E13,347710.16,33717.062
16.25,13105.481,5998.4043,1.0356292E11,1.222955E12,43286.67,1.379616E9,1259.2435,13192.02,5632.167,136663.52,880328.9,26357.484,2160.748,3.752921E13,402442.66,33767.36
16.333334,12919.926,6842.2856,1.6268645E11,1.5268982E12,38972.492,1.491871E9,1681.2335,15242.146,6620.4927,143320.03,872285.44,28325.092,2180.4033,3.877139E13,406777.75,33816.3
16.416666,12695.436,7276.0884,1.808033E11,2.0982828E12,56062.57,1.6892413E9,1927.1028,22359.422,15006.658,202928.08,855450.56,36474.594,834.28406,4.0780316E13,397885.47,33927.402
16.5,11910.899,7562.1196,2.6891408E11,2.7014697E12,61419.65,1.8970433E9,2693.7273,46020.26,35150.11,321903.16,855599.5,48181.73,978.70264,4.061755E13,432647.6,34013.42
16.583334,11942.169,8206.099,4.250312E11,3.3134587E12,66999.46,2.3733507E9,2987.0872,80798.1,79448.82,387540.06,1048010.56,62504.555,1838.2594,4.0959094E13,427635.22,34084.266
16.666666,12534.935,9817.063,4.167655E11,4.6943416E12,54602.766,3.0443325E9,3286.5547,83374.64,62751.293,477193.3,1330363.4,73622.945,1182.2222,4.0601953E13,412324.8,34148.55
16.75,12976.836,12014.429,3.4740906E11,5.361474E12,58137.934,3.7348265E9,3356.1675,59060.08,53897.73,359413.7,1287843.8,83512.85,1601.2683,3.764101E13,405807.1,34306.395
16.833334,13470.337,6396.956,2.916689E11,5.9769314E12,57223.703,4.732687E9,3217.1196,22377.88,47659.914,121238.0,1030256.0,77422.49,911.67084,3.4921345E13,362437.25,34468.48
16.916666,13755.307,7030.275,2.723246E11,5.804607E12,54157.945,5.0792463E9,2395.047,19412.307,43108.0,112055.08,997513.75,31717.29,203.70108,3.2072572E13,283383.47,34638.02
17.0,13649.745,7155.3325,2.5208668E11,6.033878E12,52881.043,4.6246487E9,1755.8644,19122.959,39986.52,108984.54,1013557.06,26275.113,386.34607,3.2409282E13,247246.81,34813.34
17.083334,13479.074,5814.9185,2.2933853E11,5.9002333E12,48462.605,3.4385994E9,1973.1908,9280.605,37988.02,107543.29,1072114.2,15571.084,530.6673,4.749511E13,249089.66,34952.605
17.166666,12643.801,5394.279,2.0918052E11,5.9594365E12,38455.06,2.916107E9,2170.6296,9679.322,36257.273,106417.74,883642.0,5158.503,596.8522,6.541643E13,278897.44,35054.06
17.25,12555.177,5383.9272,2.6223701E11,7.130495E12,34970.203,3.0316595E9,1887.2538,4291.0576,38077.11,107734.01,861033.4,5396.075,699.4618,6.8040608E13,303531.97,35174.406
17.333334,12527.19,5506.941,5.9796855E11,7.921548E12,34570.99,3.435444E9,2455.2078,6228.833,39702.05,111220.95,2051029.1,7124.4556,1112.5535,6.499625E13,274144.1,35285.84
17.416666,12125.303,5033.694,9.2332714E11,9.027717E12,39273.44,4.860484E9,2536.3662,10672.739,58667.984,109842.06,2936098.8,9580.812,916.153,6.1772296E13,309117.8,35405.797
17.5,11787.216,5020.0757,1.1833319E12,9.832327E12,45951.203,7.1428127E9,3587.7346,28511.0,78249.94,118063.67,6457344.5,12967.725,370.46646,5.984444E13,315870.62,35499.86
17.583334,11748.155,4860.9287,1.6465579E12,1.0850583E13,61970.703,8.292611E9,4308.7954,31732.615,105900.8,121224.72,7117048.5,16396.021,509.72037,6.129468E13,311053.6,35596.273
17.666666,11926.35,4265.281,1.5711955E12,1.0996866E13,61248.516,1.1819741E10,4724.8877,21001.137,93738.586,128197.7,8111468.5,19875.877,874.0017,6.4482567E13,289107.72,35687.48
17.75,12091.968,4263.9175,1.4822012E12,1.1221716E13,79259.445,1.5503308E10,4485.032,14107.942,86530.62,116566.25,8382488.5,22829.385,1184.8262,6.157532E13,250255.56,35857.027
17.833334,12345.836,3937.3835,1.4148775E12,1.1313273E13,80282.484,1.8834745E10,4137.8896,12401.03,76463.91,92509.9,9524474.0,23333.287,880.61774,6.029678E13,228297.2,36037.93
17.916666,12299.39,5200.902,1.35993E12,1.0741012E13,55346.324,2.0753848E10,1409.3309,7034.008,66874.48,94142.055,1.0411385E7,18750.09,802.2691,5.524335E13,150199.6,36216.344
18.0,11368.663,4909.2266,1.26367E12,1.079683E13,46311.363,2.5246265E10,1143.3323,6233.4927,56868.086,95481.72,8569317.0,15966.816,910.8195,4.9231713E13,143013.05,36412.152
18.083334,10655.255,4964.177,1.1681344E12,1.0285044E13,39393.46,2.5813703E10,573.7241,5739.703,56660.65,95344.84,9233448.0,11114.869,926.1089,6.902934E13,138233.61,36615.543
18.166666,9980.089,5472.3203,1.1299087E12,9.978053E12,34062.05,2.67144E10,159.17653,5236.821,32126.05,92736.16,9935023.0,8251.849,464.76907,1.0281262E14,162262.06,36718.938
18.25,9671.552,5646.3784,1.1563779E12,1.076412E13,33566.887,2.8307225E10,247.6125,3297.8066,12875.626,95315.78,1.0192631E7,7565.322,232.49287,1.0950758E14,184583.33,36881.547
18.333334,9653.136,5792.84,1.2213867E12,1.1411098E13,31103.664,2.7816753E10,356.39264,5638.434,25943.893,100193.42,9308658.0,8238.654,398.19513,1.08324335E14,173377.52,36999.86
18.416666,9617.28,5542.1367,1.6025383E12,1.2329855E13,38799.727,3.383023E10,686.7298,12626.457,59134.516,140822.88,9437463.0,11484.006,426.56613,1.1605033E14,241518.34,37125.22
18.5,8994.221,4980.179,2.251615E12,1.3405194E13,47934.68,4.491124E10,1249.1622,23232.469,139742.17,299706.47,1.0092321E7,15820.482,563.4886,1.1796688E14,356825.53,37276.184
18.583334,8931.475,5288.19,2.46009E12,1.6339906E13,45807.582,5.2295676E10,1576.6006,25086.803,132200.88,312309.78,1.0078045E7,20080.232,2049.5713,1.1790538E14,293423.3,37414.07
18.666666,9135.676,5015.7925,2.6523096E12,1.9177927E13,40641.312,7.412331E10,1790.0632,22849.771,105931.21,443816.06,5531189.0,23790.191,2429.4827,1.17916205E14,292804.6,37548.684
18.75,9300.288,5012.441,2.0156974E12,1.8825741E13,44533.668,8.113073E10,1879.1511,14647.351,84682.54,118615.8,231077.81,26188.928,2287.0615,1.1532481E14,270511.88,37750.18
18.833334,9351.214,3257.7056,1.8451451E12,1.8209906E13,40284.164,8.847536E10,1608.6339,9944.723,75062.516,111788.22,195630.62,25093.4,1328.7208,1.0887809E14,252929.19,37927.105
18.916666,9452.667,2921.3972,1.6569445E12,1.768985E13,34206.316,8.9276604E10,1554.9845,8786.376,69500.09,117340.57,165046.03,23466.428,495.91522,1.0344697E14,200208.4,38101.668
19.0,9307.441,2748.7354,1.4274082E12,1.8127444E13,31745.254,9.773687E10,1009.55786,6247.383,71877.24,124794.016,154484.98,20188.695,113.33225,1.0947023E14,177561.23,38238.973
19.083334,8920.446,2775.5247,1.3090296E12,1.790795E13,30219.166,1.0917227E11,711.89606,5601.5356,61461.477,124217.7,142479.38,12537.217,201.49844,2.1201239E14,165071.9,38325.887
19.166666,8546.162,2619.2478,1.2556464E12,1.9327124E13,29106.967,1.07200635E11,668.8371,3972.986,67456.89,125731.62,66641.56,705.869,198.69484,3.4834705E14,184262.56,38325.117
19.25,8279.155,2304.9165,1.4356722E12,2.3811682E13,23553.926,1.0637274E11,694.4158,3600.347,75286.35,137333.53,6509.521,612.8624,353.1262,3.8381405E14,198732.84,38388.06
19.333334,7981.5874,2394.6416,2.0891497E12,3.0987482E13,24040.207,1.2716846E11,840.45233,5693.1914,80848.71,155805.69,6271.821,556.4187,988.95953,3.8810868E14,193865.16,38475.586
19.416666,7659.5454,2341.8586,2.3659138E12,3.683353E13,27729.506,1.599223E11,418.25775,12786.392,94272.85,281658.75,5510.0503,615.81024,1741.9144,3.9330328E14,203012.98,38513.977
19.5,7275.8613,2387.5334,3.7325082E12,4.4761273E13,33978.145,1.8683298E11,536.5276,16507.139,112520.266,264857.4,6071.087,679.6664,1137.3743,4.1099166E14,224795.64,38519.22
19.583334,7331.2427,2242.656,4.613228E12,5.6428484E13,45962.312,2.1706123E11,614.5069,28582.441,98212.02,494535.72,7224.8784,752.7501,1404.4867,4.1719792E14,224667.28,38516.69
19.666666,7697.131,2103.1228,4.7677094E12,6.5115798E13,43541.195,2.6944972E11,522.5508,27663.807,91386.96,755066.9,10895.163,823.4807,1584.7009,4.029706E14,205425.62,38532.387
19.75,8085.7114,2178.849,4.3804304E12,7.291684E13,43842.035,3.0103457E11,505.4335,19593.904,81514.875,1298679.6,17755.9,868.57404,838.51654,3.8897002E14,199266.44,38629.82
19.833334,8343.273,2719.756,3.4262512E12,8.039677E13,40813.965,3.2807833E11,609.2047,14601.03,64427.45,985520.1,18470.209,831.2686,733.9929,3.6631253E14,192052.7,38687.85
19.916666,8393.629,2659.6924,2.922038E12,9.318695E13,36432.043,3.4412593E11,497.05313,11533.364,59899.28,136240.56,15874.003,747.2546,424.5203,3.5008845E14,164406.03,38781.12
20.0,7985.881,2883.412,2.2849113E12,9.235479E13,36176.297,3.6935664E11,613.2771,9382.531,49071.043,136569.28,12910.888,756.92114,438.36298,3.6025958E14,146285.67,38885.613
