"cumulative catch (tons per time step of saving). ex: if time step of saving is the year, then annual catches are saved"
"Time","lesserSpottedDogfish","redMullet","pouting","whiting","poorCod","cod","dragonet","sole","plaice","horseMackerel","mackerel","herring","sardine","squids","cuttlefish","thornbackRay"
0.083333336,0.0,0.0,0.0,0.0,0.0,0.0,0.0,0.0,0.0,0.0,0.0,0.0,0.0,0.0,0.0,0.0
0.16666667,0.0,0.0,0.0,0.0,0.0,0.0,0.0,0.0,0.0,0.0,0.0,0.0,0.0,0.0,0.0,0.0
0.25,0.0,0.0,0.0,0.0,0.0,0.0,0.0,0.0,0.0,0.0,0.0,0.0,0.0,0.0,0.0,0.0
0.33333334,0.0,0.0,0.0,0.0,0.0,0.0,0.0,0.0,297.58713,0.0,0.0,0.0,0.0,26536.678,0.0,0.0
0.41666666,0.0,0.0,0.0,0.6950078,0.0,71.97386,0.0,41.919914,1437.3706,0.0,0.0,0.0,0.0,52160.934,0.0,0.0
0.5,11.340222,0.0,2661.4778,4305.8887,0.0,434.37735,0.0,158.95895,2733.8538,0.0,0.0,0.0,0.0,149786.33,0.0,0.0
0.5833333,82.14306,0.0,11028.25,25100.707,0.0,985.5378,0.0,292.77942,2900.2358,0.0,0.0,0.0,0.0,299755.03,43.67475,0.0
0.6666667,225.16673,0.0,18957.447,70456.586,0.0,2270.636,0.0,526.44244,2944.2644,43.29118,144.59315,0.0,0.0,400188.28,1142.2249,0.5458745
0.75,381.09677,6.1794923E-4,25435.652,172963.94,0.0,4826.0786,0.0,537.77594,2836.2937,97.43347,928.2815,0.0,0.0029106166,485135.6,2453.188,5.0877786
0.8333333,503.73746,0.0065903054,26444.098,174970.33,0.0,5484.2104,0.0,526.8744,2681.2268,475.31787,1575.6525,249764.39,0.005442916,539631.9,3561.632,12.268512
0.9166667,573.75214,12.004116,25528.91,209278.48,0.0,6138.29,0.0,520.8089,2551.6753,1388.5831,1765.4838,236726.1,1.3609786,566053.1,4334.01,21.818005
1.0,611.73083,34.269432,24032.807,204063.45,0.0,6143.1675,0.0,528.91077,2440.4673,1536.6152,1827.4623,224883.08,2.002028,561406.6,4750.2275,33.660793
1.0833334,642.1312,81.21273,22419.832,223807.69,0.0,6011.8687,0.0,508.21826,2405.7417,1793.5762,2238.7004,213406.12,1.2313561,552739.4,0.0,47.75042
1.1666666,640.4598,99.91023,22011.004,243058.08,0.0,5992.9165,0.0,452.24792,2396.0889,2776.2256,2562.849,202732.9,0.019073492,547291.3,0.0,61.554787
1.25,635.6994,162.92522,23293.418,276878.56,0.0,6573.925,0.0,420.8436,2543.6233,3464.8313,3017.3318,192518.1,0.6317208,537987.8,0.0,76.59113
1.3333334,620.538,193.95291,24053.092,303368.88,0.0,7110.0615,0.0,421.64532,2441.2446,3418.9543,3759.1648,0.0,1.6719298,831742.5,0.0,92.930145
1.4166666,554.50055,205.93451,26130.678,318631.06,0.0,8171.936,0.0,425.2873,2546.8728,3376.8342,4041.9622,0.0,1.8503366,2297062.8,16604.387,109.89211
1.5,492.65732,205.81451,27858.945,342479.38,0.0,10690.503,0.0,457.36914,5061.228,3264.1035,4063.5227,0.0,3.775397,3412904.0,17253.383,127.595146
1.5833334,493.06226,208.06195,30424.041,364101.44,0.0,13133.896,0.0,519.59937,4841.764,3215.8662,4050.926,0.0,1.890467,4758337.0,18174.904,145.96577
1.6666666,555.0361,197.76752,34490.254,534337.5,0.0,14274.149,0.0,613.50256,4099.429,2965.44,4038.6677,0.0,1.7354414,5855552.5,19096.72,164.71687
1.75,628.4887,192.43535,35687.69,756806.5,0.0,15633.993,0.0,629.5683,2998.257,2881.643,4044.1086,0.0,9.804293,5515836.0,19416.777,186.96121
1.8333334,705.1599,175.8238,36421.656,1047348.25,0.0,17881.266,0.0,644.10626,2281.7083,2931.5164,4012.9917,3217152.5,14.004179,5877650.0,19669.06,210.61134
1.9166666,795.1958,146.9864,36093.32,1102304.4,0.0,25415.875,0.0,631.2305,2076.7603,2918.855,3877.3247,3046187.2,10.219603,5471758.5,19195.855,235.20518
2.0,829.0685,148.64944,35914.617,1075861.0,0.0,24097.947,0.0,599.8037,2017.3907,2480.2478,3659.2998,2886705.0,7.1748867,5038404.0,17605.348,258.69415
2.0833333,783.5699,153.63713,35181.797,1048797.5,0.0,23650.842,0.0,560.4697,1998.0309,2206.6982,3458.1758,2723945.2,6.10269,4589766.5,0.0,284.3525
2.1666667,669.6703,163.08043,34037.383,1049450.2,0.0,23944.162,0.0,487.47437,1895.0587,2102.637,2686.6724,2558379.0,7.9496856,4318562.0,0.0,309.36572
2.25,634.3034,184.54805,34184.938,1157962.0,0.0,24362.63,0.0,443.63275,1939.7842,1789.2115,2373.3435,2311698.2,24.304277,4230777.5,0.0,334.09973
2.3333333,604.0888,199.787,34617.805,1287671.4,0.0,25658.951,0.0,415.44885,1922.6748,1701.1265,5418.7505,0.0,28.46215,4601495.0,0.0,358.78668
2.4166667,616.6449,208.10555,35951.48,1290764.0,0.0,30768.23,0.0,383.99338,2839.1245,1767.1847,9726.347,0.0,52.66986,5809150.0,4313.6294,382.39453
2.5,654.8069,213.01283,41166.184,1344177.1,0.0,37812.156,0.0,374.90314,3778.3389,1841.2565,9532.861,0.0,53.332317,7974402.0,3071.5312,405.43964
2.5833333,704.4895,218.18178,49327.004,1374801.5,0.0,46557.766,0.0,398.71616,3747.4092,1847.3527,9303.88,0.0,43.21524,1.3489364E7,3373.0034,428.09113
2.6666667,809.3701,213.35526,62963.562,1767407.2,0.0,52157.207,0.0,361.89066,3635.8352,1925.6917,9339.857,0.0,40.63581,1.7213142E7,3916.4802,450.14386
2.75,939.81866,208.63496,61409.387,2185015.8,0.0,61927.59,0.0,338.4551,3494.6724,1978.2706,8517.317,0.0,43.730286,1.7790034E7,4873.7363,474.52664
2.8333333,1046.1798,195.23459,61542.418,2327341.2,0.0,73282.74,0.0,410.32034,3284.4326,2041.0421,7261.1123,2962352.0,43.351093,1.6780238E7,5836.1016,499.76324
2.9166667,1096.5055,175.248,56196.41,2975913.8,0.0,82120.12,0.0,420.19705,2972.9763,2009.6082,6955.0005,2739517.0,35.41581,1.4770783E7,6574.051,525.5974
3.0,1077.4851,178.37602,53360.766,3100634.5,0.0,81421.96,0.0,386.0825,2991.9631,1989.9957,6575.0747,2562559.5,23.812954,1.3904979E7,6706.1216,551.24
3.0833333,1024.908,206.49393,50163.457,2902089.0,0.0,80259.74,0.0,363.48917,2778.0386,1986.4342,5921.7617,2395359.8,21.55767,1.2881741E7,0.0,577.4509
3.1666667,1018.6653,226.68498,47615.957,2791193.2,0.0,80272.74,0.0,351.56717,3029.4639,2008.0055,2628.9275,2230270.0,20.629896,1.1300755E7,0.0,600.8662
3.25,1019.49457,217.81573,45555.055,2656759.8,0.0,81263.39,0.0,318.4917,2830.485,1946.8925,2020.6694,2066966.9,22.982737,1.0297582E7,0.0,623.186
3.3333333,960.9285,193.21684,43844.023,2690686.0,0.0,88608.46,0.0,292.62314,2667.484,1930.2399,2024.0032,0.0,46.31973,1.3863301E7,0.0,644.59753
3.4166667,964.74585,175.2158,42159.66,2498236.8,0.0,90273.984,0.0,297.15402,11850.397,1807.5248,2554.376,0.0,45.865322,1.663595E7,8570.562,665.8329
3.5,999.3991,165.07973,40714.91,2863481.2,0.0,91665.55,0.0,575.3851,17081.764,1859.776,2358.5332,0.0,37.625847,2.2377422E7,7428.279,685.7247
3.5833333,1041.8612,161.67206,81785.62,2673896.2,0.0,105870.586,0.0,544.3525,17908.844,1914.9343,2626.8782,0.0,32.0145,3.0253716E7,7396.0254,704.52454
3.6666667,1172.9524,134.33646,247064.03,2566270.5,0.0,126000.7,0.0,428.38782,15403.689,1979.5557,3104.471,0.0,23.24389,3.2603194E7,8205.791,721.79144
3.75,1256.1644,126.5612,254782.95,2514543.2,0.0,150645.02,0.0,418.60266,13865.49,2012.4429,3782.7305,0.0,17.085655,3.2348782E7,9335.982,737.6294
3.8333333,1335.917,121.73922,232125.45,2395268.0,0.0,183106.03,0.0,413.79074,12543.782,2046.335,4317.2446,1998037.9,21.74837,3.0747096E7,8624.5625,752.0923
3.9166667,1430.4971,119.933426,212361.2,2693188.5,0.0,200054.5,0.0,462.2318,11363.772,2086.2625,4350.2925,1839581.9,16.316492,2.6643594E7,8013.0493,765.9581
4.0,1410.8373,123.147835,197946.53,2517281.0,0.0,200815.83,0.0,414.44623,10410.071,2071.7166,4173.6885,1649979.6,7.7455144,2.3697644E7,7358.944,779.35065
4.0833335,1324.7977,125.546394,180509.0,2569984.2,0.0,211464.78,0.0,361.54446,9752.544,2067.9658,3410.998,1519200.5,5.525487,2.2259412E7,0.0,791.97784
4.1666665,1338.7833,128.45605,168365.11,2460515.5,0.0,232675.97,0.0,339.42352,9594.913,2095.6338,2752.022,1410106.4,4.5782766,2.0343928E7,0.0,801.4983
4.25,1357.534,124.2063,156883.75,2450313.2,0.0,245074.03,0.0,315.04306,9084.543,2153.8242,2709.632,1336417.8,3.1445532,1.8257904E7,0.0,809.7924
4.3333335,1410.2527,127.98707,145620.38,2402501.0,0.0,265309.0,0.0,291.78207,8432.147,2209.4333,3520.7695,0.0,12.950123,1.9102356E7,0.0,815.96027
4.4166665,1424.8881,133.3707,141302.56,2302884.8,0.0,287002.12,0.0,265.20862,9729.126,2243.4875,3922.3047,0.0,16.716928,2.1035552E7,5149.7144,821.2647
4.5,1407.5223,142.2962,153739.39,3098828.8,0.0,293307.97,0.0,368.0673,9069.665,2256.3691,4152.3296,0.0,3.2051814,2.3637332E7,3307.6992,825.24524
4.5833335,1415.634,128.94327,176934.7,3366455.2,0.0,356185.6,0.0,605.844,8978.568,656.7089,4076.3035,0.0,1.4406431,2.7056122E7,3579.7222,827.9367
4.6666665,1407.4828,105.840904,164854.53,3668484.5,0.0,371584.7,0.0,730.9434,8050.748,630.3711,3311.706,0.0,1.5594863,2.6913564E7,3925.6594,829.5593
4.75,1389.9313,101.478004,146984.11,3963858.8,0.0,396140.06,0.0,680.13324,7402.8203,943.21094,3186.3455,0.0,2.566444,2.8353278E7,4658.534,832.25256
4.8333335,1398.5652,100.09616,148301.31,5031782.5,0.0,401948.6,0.0,559.514,6259.154,1845.6366,3128.8198,1143860.9,1.2705249,2.7796496E7,4755.114,834.6839
4.9166665,1389.5609,92.66284,150832.23,5869611.0,0.0,399451.47,0.0,394.2229,4254.751,1841.1001,2361.6594,1027455.8,0.55935943,2.3767786E7,4908.8813,837.6536
5.0,1372.21,95.44179,135616.78,5584662.0,0.0,379575.38,0.0,305.47565,3743.1978,1697.5854,2258.7898,896307.94,0.27586767,1.888561E7,5336.429,840.8769
5.0833335,1343.3447,97.03005,123390.72,5276461.5,0.0,369730.44,0.0,272.00027,3478.9827,1632.7449,2134.6985,818838.5,0.21262358,1.549202E7,0.0,844.18567
5.1666665,1308.0841,94.60461,116356.29,5275216.5,0.0,371066.6,0.0,241.88127,3095.8213,1614.3516,2006.0474,778122.75,0.54884636,1.3859362E7,0.0,844.3737
5.25,1293.6398,103.37872,119942.3,5526975.0,0.0,387923.3,0.0,229.57513,2670.9849,1575.3846,2004.9032,739125.56,5.538139,1.2871702E7,0.0,844.3444
5.3333335,1293.7759,97.43203,124088.0,5486981.0,0.0,385647.7,0.0,199.81406,2488.087,1558.3057,2030.9182,0.0,24.33754,1.3278289E7,0.0,843.9988
5.4166665,1284.5686,96.42857,117153.95,5986909.5,0.0,370924.25,0.0,151.95091,2526.3303,1547.635,1943.6757,0.0,45.358025,1.3814816E7,3487.8728,843.1614
5.5,1281.184,96.88519,113378.47,6532892.0,0.0,372292.9,0.0,160.0894,3179.763,1496.3145,1943.4783,0.0,51.17191,1.5300422E7,3695.2869,842.3678
5.5833335,1302.1626,97.12891,108935.99,8544168.0,0.0,379085.88,0.0,280.54095,2313.5361,577.20886,2610.6987,0.0,45.918232,2.4299946E7,4191.3438,840.94434
5.6666665,1352.3552,95.55912,101203.305,1.0282666E7,0.0,391049.22,0.0,326.13467,1979.9562,95.135086,3470.5286,0.0,34.03732,2.3794406E7,4502.7256,838.9366
5.75,1412.478,96.39119,94019.11,9808106.0,0.0,387137.5,0.0,383.3568,1799.4546,100.63753,3780.0232,0.0,23.482231,2.7264772E7,4499.7637,839.9678
5.8333335,1450.4658,95.141525,86685.54,9761949.0,0.0,402380.25,0.0,429.5131,1616.0774,1240.9596,4064.4111,601383.0,24.898325,2.635846E7,5237.817,842.9918
5.9166665,1469.1622,84.92196,82691.9,9419453.0,0.0,408098.1,0.0,389.42972,1443.6702,1226.1229,4381.2383,565312.0,20.023825,2.3464894E7,5286.2275,847.51605
6.0,1466.5187,82.44275,76636.54,8537424.0,0.0,430000.53,0.0,300.80243,1376.2954,1183.8359,4680.334,543794.06,8.111141,2.4049072E7,5035.58,853.0705
6.0833335,1449.8088,99.89412,71450.66,8094544.0,0.0,432857.8,0.0,271.69098,1334.6617,1159.6179,3330.2954,520000.56,5.604457,2.16503E7,0.0,860.41675
6.1666665,1423.2358,117.759575,67236.82,7696001.0,0.0,421427.44,0.0,237.23033,1257.6445,1132.2513,1534.865,467548.34,5.8238277,1.8961044E7,0.0,865.7079
6.25,1408.4471,123.33552,66282.484,7623112.5,0.0,413536.3,0.0,179.10168,1187.6812,1109.766,1544.4607,408838.9,8.723071,1.6071397E7,0.0,871.04126
6.3333335,1387.3386,131.029,64837.637,8856236.0,0.0,413001.47,0.0,159.15143,1145.0792,1101.8937,2164.7463,0.0,22.92939,1.6665677E7,0.0,876.09607
6.4166665,1347.6709,131.9938,61271.242,8893427.0,0.0,408585.66,0.0,267.7964,4035.5273,1060.2968,3348.2983,0.0,38.199585,2.6009074E7,4050.8433,881.63525
6.5,1295.2865,135.36165,61844.312,9263860.0,0.0,417011.94,0.0,276.38113,4669.22,793.65137,3383.4077,0.0,61.738163,4.0541264E7,3707.377,887.52496
6.5833335,1278.775,135.6797,96200.555,9722703.0,0.0,405046.7,0.0,224.2636,5463.6973,151.89954,3472.2085,0.0,78.29425,5.596025E7,3702.1238,892.7586
6.6666665,1326.7206,132.05081,105897.21,9998749.0,0.0,403980.3,0.0,291.9977,4951.8584,158.09293,3458.5542,0.0,70.08882,6.3897864E7,3930.842,897.0837
6.75,1370.2101,126.28896,98614.305,1.1332232E7,0.0,402953.3,0.0,290.2703,4118.5503,219.82384,1605.4353,0.0,34.727703,7.156052E7,4813.777,905.5137
6.8333335,1404.7839,86.43961,88589.836,1.1543888E7,0.0,392649.4,0.0,310.40704,3766.4995,714.0808,1094.7717,306604.84,21.947557,7.6238696E7,5433.369,914.5996
6.9166665,1437.1829,82.17908,80263.125,1.0740529E7,0.0,426103.22,0.0,298.25293,3498.6924,775.212,1486.5027,257037.6,16.786772,7.067351E7,5364.9443,923.74615
7.0,1427.9683,86.62403,74703.55,9930732.0,0.0,452011.25,0.0,259.51175,3274.8696,799.8183,1372.1115,237973.56,7.223312,6.431056E7,5479.9526,933.3586
7.0833335,1402.4609,78.079865,70260.02,9296932.0,0.0,438691.22,0.0,239.61795,3421.0723,741.8399,1261.7834,223962.45,6.2762403,5.9358244E7,0.0,943.27014
7.1666665,1328.2217,67.1282,115593.76,8837347.0,0.0,399062.4,0.0,212.98782,3238.8564,694.52277,1182.3834,196691.56,5.7540526,5.4960972E7,0.0,952.11035
7.25,1297.0708,62.41979,137329.11,8204752.5,0.0,403248.6,0.0,202.01535,3588.8994,714.1481,1407.2272,176748.81,8.961861,5.0505564E7,0.0,959.8609
7.3333335,1267.9978,69.989914,143844.2,7604406.0,0.0,405547.66,0.0,193.78609,3485.215,721.9048,1620.7957,0.0,8.5915165,4.701085E7,0.0,967.35297
7.4166665,1259.934,71.10541,116717.195,1.0728246E7,0.0,438856.47,0.0,191.27248,3789.466,525.1907,2048.3328,0.0,10.489604,5.296889E7,2541.4653,974.4707
7.5,1214.9911,63.336205,112176.734,1.0711458E7,0.0,455343.22,0.0,243.8957,3971.343,465.50394,1366.206,0.0,5.398364,5.7523756E7,3850.0085,980.918
7.5833335,1220.8701,56.37984,115778.84,1.0151316E7,0.0,460195.0,0.0,266.99957,3698.2507,206.18015,1522.0547,0.0,1.7032344,6.3820824E7,3959.0742,986.9033
7.6666665,1268.3827,55.46575,109010.04,9515528.0,0.0,456360.38,0.0,276.87744,3424.2412,207.1834,1573.2328,0.0,0.86581385,7.381922E7,4795.6255,991.6671
7.75,1340.335,51.533016,101446.41,9119346.0,0.0,455716.88,0.0,283.68427,3106.9958,3.0696375,1588.7787,0.0,6.495264,7.670725E7,5142.246,998.8031
7.8333335,1394.7941,50.336117,92226.24,9186537.0,0.0,435710.47,0.0,285.90213,2903.9802,387.3295,341.2398,125811.61,5.733922,7.318561E7,6190.78,1006.89276
7.9166665,1419.7118,52.680313,84607.23,8903533.0,0.0,411192.3,0.0,281.36298,2683.987,425.57346,185.0323,111660.64,10.334278,6.471415E7,6106.901,1015.05164
8.0,1408.0953,43.75037,82108.695,8706314.0,0.0,399289.28,0.0,260.6356,2469.5205,407.54474,167.19887,102422.05,4.5603547,5.60648E7,5812.0557,1023.17816
8.083333,1332.7324,54.39874,81637.78,8422602.0,0.0,400649.75,0.0,255.68086,2241.1528,408.2758,170.56863,93657.98,4.58313,4.830098E7,0.0,1031.4597
8.166667,1300.0797,58.79134,77558.98,7985663.0,0.0,391627.94,0.0,248.09949,2067.8845,412.8931,185.71056,81119.47,5.4544225,4.09287E7,0.0,1036.0942
8.25,1271.9636,69.90479,45312.07,7656601.0,0.0,380266.56,0.0,209.72026,1923.2562,412.57596,866.9053,73102.11,8.7698555,3.7466804E7,0.0,1040.553
8.333333,1245.382,80.50263,42777.844,6971609.5,0.0,379791.0,0.0,182.603,1713.9795,404.47906,1327.9703,0.0,23.360214,3.3495202E7,0.0,1044.4324
8.416667,1195.0211,87.557755,42165.12,7364024.5,0.0,380477.56,0.0,219.3069,2417.854,411.29495,1679.3973,0.0,41.580006,3.4217212E7,4831.0396,1047.7039
8.5,1156.8445,90.884094,91236.12,7794495.0,0.0,375745.62,0.0,336.58682,3363.0088,410.93396,2632.5671,0.0,56.30891,3.890102E7,6034.359,1050.0436
8.583333,1188.3643,79.47084,128069.34,8273770.0,0.0,368350.4,0.0,297.6753,2495.6016,91.53892,2916.609,0.0,51.92808,4.3726132E7,6356.597,1051.3824
8.666667,1245.6881,79.14889,135235.7,8482444.0,0.0,361405.25,0.0,284.48697,1556.551,97.23547,3164.6733,0.0,40.65551,4.4348484E7,6927.6284,1052.2671
8.75,1287.9591,76.12667,127213.99,1.146034E7,0.0,385360.5,0.0,265.74,1266.2458,101.68034,3224.687,0.0,39.938328,4.344968E7,7774.205,1055.6355
8.833333,1327.4705,75.44109,115860.625,1.2591206E7,0.0,387946.03,0.0,280.90198,1155.389,348.07812,3359.0466,47858.844,35.04951,4.324923E7,7356.7104,1059.8146
8.916667,1359.576,67.14428,107024.266,1.7302104E7,0.0,382909.56,0.0,254.16028,1038.1578,336.74905,4170.789,42273.82,33.106274,3.590137E7,6961.477,1064.7616
9.0,1303.8726,82.92959,95064.46,1.8118356E7,0.0,395029.16,0.0,275.74716,994.21027,302.77835,5650.8174,38861.543,31.530165,3.0989134E7,6897.809,1069.9115
9.083333,1257.8336,94.85335,87650.21,1.9815882E7,0.0,398995.2,0.0,307.26904,957.68024,249.01695,5965.2563,36412.11,29.592142,2.910484E7,0.0,1077.3246
9.166667,1248.4886,102.03656,85634.6,2.3165582E7,0.0,407553.9,0.0,259.45605,911.52045,213.95059,6305.2,33140.27,33.658924,2.2856322E7,0.0,1081.5995
9.25,1234.5254,124.794304,84762.82,2.23635E7,0.0,392181.0,0.0,211.80627,889.7311,211.00882,8414.288,31219.19,48.99221,1.76341E7,0.0,1084.8691
9.333333,1206.2483,122.42914,81100.6,2.3201076E7,0.0,387142.38,0.0,209.37816,895.99225,224.28793,11394.6875,0.0,78.659355,1.8443868E7,0.0,1087.0533
9.416667,1184.1931,140.19334,107558.625,2.5153908E7,0.0,398923.0,0.0,225.38069,1588.8885,245.72305,14190.899,0.0,121.371025,2.7207602E7,2347.8354,1089.2155
9.5,1172.6068,137.72852,151215.47,3.1075814E7,0.0,393207.72,0.0,262.18158,3026.7026,273.3244,14578.187,0.0,114.04181,4.1038828E7,1782.5752,1091.3925
9.583333,1183.8595,127.530876,171550.34,4.488279E7,0.0,441646.94,0.0,287.37103,3968.1414,139.6418,13890.878,0.0,85.50897,6.609603E7,1514.1666,1093.043
9.666667,1251.136,125.17179,167592.05,5.7232748E7,0.0,547961.6,0.0,329.71692,3735.6055,169.32156,11804.1875,0.0,50.485474,8.893805E7,2382.5232,1093.5626
9.75,1304.9645,131.09927,166103.48,5.8646348E7,0.0,610143.9,0.0,392.06845,3101.6526,186.798,10517.299,0.0,44.992046,1.3164201E8,2865.9648,1097.7542
9.833333,1351.3876,117.26141,161982.66,5.640925E7,0.0,637866.7,0.0,414.99387,2372.0825,329.04044,9403.009,22488.607,25.960533,1.4066398E8,3439.7168,1103.4419
9.916667,1365.6447,94.4543,154065.38,5.5012388E7,0.0,667736.0,0.0,373.50006,2161.3716,325.34924,9158.383,20308.248,13.470612,1.3290864E8,3233.521,1110.4161
10.0,1342.8274,126.70264,138585.38,5.9118716E7,0.0,1681230.8,0.0,309.13684,1098.5587,315.60086,9146.009,19133.363,11.997695,1.2603683E8,3653.2534,1119.5054
10.083333,1265.5815,127.38375,129328.984,6.736727E7,0.0,2044306.8,0.0,265.82965,814.3137,311.22955,9283.53,14144.9375,9.926752,1.1761712E8,0.0,1129.5707
10.166667,1182.8595,124.707756,109414.125,6.4764236E7,0.0,3231691.5,0.0,241.55186,750.4067,299.75598,9313.725,10986.368,7.7048,1.0981669E8,0.0,1135.6672
10.25,1144.2623,148.6048,268667.6,6.4047824E7,0.0,4914842.0,0.0,224.29836,661.81384,304.58292,9085.656,10470.176,9.582114,1.5288338E8,0.0,1142.0906
10.333333,1110.5547,155.6206,482283.22,6.12871E7,0.0,3754657.2,0.0,217.91977,628.61005,731.5288,8805.265,0.0,27.728777,3.1564458E8,0.0,1149.1157
10.416667,1074.0758,166.01305,152832.39,7.0584E7,0.0,4190601.2,0.0,343.78067,639.66675,1579.2874,8604.342,0.0,34.639767,5.5898963E8,4289.751,1155.279
10.5,1020.7254,152.9134,155357.86,7.432627E7,0.0,4025491.8,0.0,257.15695,2270.4817,2434.0513,8523.25,0.0,35.156475,7.473634E8,4106.77,1161.8455
10.583333,1023.67,153.70175,806452.3,8.55082E7,0.0,3866033.5,0.0,536.6114,2217.0764,3241.556,8541.493,0.0,17.124252,9.20195E8,4252.506,1167.5614
10.666667,1060.8306,147.67078,3573682.2,1.1464996E8,0.0,3748101.5,0.0,514.7827,2000.6865,3919.6826,8259.831,0.0,13.291451,1.03466566E9,4839.536,1173.2117
10.75,1088.3591,145.17334,3685534.5,1.1878545E8,0.0,3575167.0,0.0,473.19232,1745.6642,4260.127,8169.0493,0.0,9.125921,9.766647E8,5110.0645,1182.0625
10.833333,1136.9691,143.33698,3279862.8,1.22852776E8,0.0,3475535.2,0.0,362.956,1597.503,4556.392,7912.9106,5632.55,8.086398,9.4321126E8,5114.256,1191.2852
10.916667,1179.4673,138.6041,2964664.2,1.9525112E8,0.0,3100390.0,0.0,219.52335,1472.1411,4792.826,7334.8574,3241.7795,5.7165036,8.672825E8,5312.2314,1201.3064
11.0,1174.8348,148.71233,2464858.5,1.8124242E8,0.0,2510504.2,0.0,164.35924,1369.9644,5016.0923,6897.743,605.46674,3.0651567,7.847173E8,5138.8867,1211.511
11.083333,1153.2693,176.72101,2222299.8,1.8665275E8,0.0,2544553.5,0.0,146.07867,1294.7931,5394.6704,6598.2114,278.63922,2.3409045,7.282871E8,0.0,1221.609
11.166667,1131.9642,203.52254,1505651.2,2.0939523E8,0.0,2404107.5,0.0,128.84587,1174.6797,5731.319,6368.582,238.34088,0.40699056,6.8167226E8,0.0,1226.7194
11.25,1132.1051,207.41393,1326497.1,2.8382656E8,0.0,2400830.5,0.0,118.79602,1112.2645,5862.418,6103.5415,106.3446,4.155501,6.413125E8,0.0,1231.9288
11.333333,1115.0812,219.04784,1392355.1,3.038653E8,0.0,2427970.0,0.0,111.95684,1079.886,5975.084,5964.5845,0.0,8.575053,6.0929664E8,0.0,1237.0997
11.416667,1114.7445,237.91167,1535125.6,3.5854582E8,0.0,2476044.2,0.0,170.20566,1370.5532,6221.9116,5838.7886,0.0,14.580316,5.8496416E8,2752.967,1241.7799
11.5,1123.7596,255.47183,1686721.2,3.9901162E8,0.0,2654307.2,0.0,174.43535,3497.686,6461.2793,5741.76,0.0,16.2849,8.333162E8,2419.516,1246.0737
11.583333,1094.7029,255.6516,2668287.0,4.286942E8,0.0,2747147.2,0.0,249.99481,4503.578,6781.5586,5734.6895,0.0,14.761751,1.414936E9,2614.676,1249.5734
11.666667,1081.1873,210.24858,3453356.2,5.1519088E8,0.0,3075006.5,0.0,234.88394,3851.0352,7194.6426,37124.88,0.0,16.813494,1.6335E9,3591.2495,1252.5181
11.75,1078.8308,156.9286,3845388.8,1.0856396E9,0.0,3206968.5,0.0,237.35104,3353.8655,7552.105,83194.14,0.0,20.630383,1.7837384E9,4467.192,1259.0406
11.833333,1081.71,128.31224,4353320.0,1.7109221E9,0.0,4256504.5,0.0,250.74554,3024.6926,7731.629,105404.91,927.18744,22.81247,1.7938323E9,5052.684,1266.255
11.916667,1062.1216,109.00843,4680597.0,1.7073898E9,0.0,4168503.8,0.0,237.45834,2257.4973,8062.66,118274.49,580.6796,18.032837,1.5870509E9,4380.6104,1274.177
12.0,1039.3246,129.35364,4466196.0,1.6073806E9,0.0,4611823.0,0.0,250.1468,1848.1458,8523.975,124993.695,341.3171,7.966884,1.372888E9,4825.563,1281.9944
12.083333,1017.4051,108.9508,4490149.0,1.516747E9,0.0,4560325.0,0.0,272.99274,1762.0101,8492.301,131952.81,215.77673,8.555319,1.1295062E9,0.0,1291.2975
12.166667,1017.87415,103.61392,4503380.5,1.4375526E9,0.0,4902726.0,0.0,208.42981,1743.1833,8292.928,134043.45,188.19395,5.494896,9.645345E8,0.0,1297.4976
12.25,995.8328,135.02322,4810754.0,1.3949001E9,0.0,5135391.5,0.0,133.1054,1547.4518,8429.463,123831.96,189.78876,17.578945,8.94017E8,0.0,1301.5566
12.333333,962.992,112.36278,4916103.0,1.4085562E9,0.0,5192995.0,0.0,139.06161,1415.8088,13171.769,132243.6,0.0,30.669731,8.3143744E8,0.0,1305.4987
12.416667,930.97296,120.92631,5062961.5,1.3566605E9,0.0,5192181.5,0.0,438.16986,4376.9707,21268.082,278124.2,0.0,33.556675,8.012265E8,13660.012,1309.2513
12.5,877.19946,162.16716,1.3215192E7,1.2952792E9,0.0,6135105.5,0.0,695.1308,8611.666,21125.936,546568.75,0.0,23.70813,8.314363E8,8114.7695,1313.3463
12.583333,861.1549,177.14445,2.489756E7,1.4980605E9,0.0,9062179.0,0.0,689.3081,5780.032,20529.4,681392.8,0.0,25.878428,9.186412E8,6213.5596,1315.9923
12.666667,858.1849,175.62492,4.152925E7,1.5102004E9,0.0,1.2413446E7,0.0,643.55707,4537.551,10701.455,797848.06,0.0,29.087358,1.1509448E9,6439.993,1317.8755
12.75,910.0194,171.85567,4.7488256E7,1.5547434E9,0.0,1.302731E7,0.0,552.09863,4046.6086,9563.272,863400.94,0.0,42.5321,1.5824442E9,8964.158,1323.7195
12.833333,936.7113,147.23354,5.315734E7,1.5632431E9,0.0,1.2454133E7,0.0,410.48618,3304.1018,9782.389,851554.3,4043.9514,39.881,1.7060494E9,9881.338,1331.6736
12.916667,943.5177,127.15661,5.260813E7,1.504852E9,0.0,1.1803533E7,0.0,342.94778,1046.5326,9792.285,285029.28,2965.913,37.484383,1.6211615E9,10716.271,1339.3606
13.0,919.91815,96.60992,5.465651E7,1.521982E9,0.0,1.1320775E7,0.0,293.45428,881.1886,9919.158,180460.14,2051.3574,32.046425,1.4794922E9,11201.169,1348.5896
13.083333,881.8016,101.58311,5.5243612E7,1.4788334E9,0.0,1.3275339E7,0.0,296.4133,839.9292,9960.733,188710.31,1681.197,27.232523,1.437476E9,0.0,1360.0
13.166667,857.51373,101.84022,5.5187372E7,1.3991939E9,0.0,1.4523059E7,0.0,274.10437,849.2663,10069.387,183360.36,1269.8479,27.87443,1.3748417E9,0.0,1368.0784
13.25,857.85974,98.249466,5.2765092E7,1.4626284E9,0.0,1.633858E7,0.0,220.0232,824.75757,10127.43,183944.36,1053.2754,15.540535,1.4250698E9,0.0,1374.8489
13.333333,864.67664,88.26855,4.972175E7,1.8166624E9,0.0,1.6915922E7,0.0,178.6878,773.57587,10175.712,192059.8,0.0,47.165825,6.9365796E9,0.0,1380.6545
13.416667,875.6774,98.878174,4.7232384E7,2.4938092E9,0.0,1.728387E7,0.0,174.76523,1390.1467,10258.353,197228.19,0.0,76.0397,1.0456795E10,7347.4985,1386.5503
13.5,850.8125,107.96929,9.478299E7,2.9053824E9,0.0,1.9877664E7,0.0,193.83095,2587.2954,10280.083,201133.5,0.0,77.34255,1.4551439E10,6458.1045,1391.5483
13.583333,872.825,113.129944,1.2883153E8,3.4838572E9,0.0,2.0484358E7,0.0,322.4004,2903.516,4116.1113,199046.5,0.0,44.055775,1.9389274E10,6378.497,1395.9332
13.666667,897.40393,114.939835,2.0609005E8,3.6647616E9,0.0,2.174681E7,0.0,423.9661,2138.0493,5.138833,200963.06,0.0,35.973507,2.3330673E10,5973.255,1399.9437
13.75,913.0149,92.5218,2.1582398E8,3.8124946E9,0.0,2.4335714E7,0.0,411.92087,1502.6528,5.0631804,190225.25,0.0,19.451166,2.5674656E10,6854.841,1407.8345
13.833333,937.7606,84.91339,2.261145E8,3.6864102E9,0.0,2.7141934E7,0.0,408.53705,1356.864,8540.788,172170.31,13664.644,19.433947,2.5194664E10,7444.745,1416.4825
13.916667,932.1613,115.08251,2.1474016E8,3.6126595E9,0.0,3.1741736E7,0.0,396.08304,1263.4457,8424.105,164960.34,12056.963,17.514132,2.379632E10,5885.6885,1425.6943
14.0,903.61084,157.57921,1.9273419E8,3.8068764E9,0.0,3.2832408E7,0.0,187.44879,925.997,8464.133,157185.47,8667.185,16.17866,2.2633755E10,5860.8164,1435.5962
14.083333,852.8422,154.12436,1.8955411E8,3.747476E9,0.0,3.1434986E7,0.0,146.62164,470.1995,8521.239,148241.08,4567.7466,14.211263,2.0936591E10,0.0,1447.4054
14.166667,812.0622,162.08319,1.8347848E8,3.602054E9,0.0,3.0083448E7,0.0,126.37029,454.8754,8467.021,139948.78,3787.7075,9.290472,1.971025E10,0.0,1455.6228
14.25,788.74347,167.23354,1.8420603E8,3.6506954E9,0.0,3.0630794E7,0.0,118.9207,416.1887,8468.848,133671.05,2523.4294,9.853285,1.8904973E10,0.0,1463.255
14.333333,778.3217,170.64317,1.9133458E8,3.759381E9,0.0,3.117434E7,0.0,102.18463,553.3794,7541.159,129609.82,0.0,12.061543,1.84572E10,0.0,1469.8761
14.416667,777.86615,170.22029,1.8295082E8,3.8342298E9,0.0,3.2075368E7,0.0,162.22011,2200.4727,7156.8496,127141.82,0.0,13.413324,1.8256452E10,18951.996,1474.5438
14.5,740.70386,171.89716,1.9143389E8,4.296632E9,0.0,3.3430692E7,0.0,226.63976,3626.4722,6999.1064,132850.45,0.0,10.019875,1.8054205E10,15968.771,1481.033
14.583333,726.5344,162.3677,4.0420528E8,7.860522E9,0.0,3.5091104E7,0.0,241.96042,3353.7722,9.266228,137239.11,0.0,10.824776,1.7530993E10,14321.834,1486.2996
14.666667,751.09955,162.15503,8.211752E8,1.1214486E10,0.0,3.856215E7,0.0,256.0547,2891.5464,8.051764,138876.25,0.0,12.0266485,1.8769443E10,13645.916,1490.9565
14.75,787.42224,159.58586,1.2204159E9,1.5948186E10,0.0,4.0568656E7,0.0,297.98398,2649.8633,10.646617,136091.16,0.0,10.216697,2.3252304E10,13236.629,1499.7799
14.833333,798.7052,130.615,1.4109939E9,1.6418375E10,0.0,3.9629348E7,0.0,307.6925,1701.6205,5516.6963,146166.28,3948.2524,6.64655,3.2465134E10,13325.449,1510.4314
14.916667,803.0882,125.326225,1.3761996E9,1.5756484E10,0.0,3.891822E7,0.0,318.55765,1353.4286,5313.4204,133654.1,3625.6187,8.9772625,2.9593342E10,10210.847,1523.0049
15.0,784.6499,136.844,1.3184193E9,1.6912974E10,0.0,3.9428096E7,0.0,266.0909,791.0316,5191.9985,114208.53,3560.4695,8.009458,2.5393476E10,9090.139,1535.5645
15.083333,748.5179,155.1913,1.273438E9,1.6855117E10,0.0,3.9057984E7,0.0,247.07585,304.48993,5187.461,109847.234,2908.6016,7.0509925,2.3237456E10,0.0,1547.726
15.166667,719.9637,136.98886,1.2786079E9,1.7456323E10,0.0,3.9750104E7,0.0,212.21143,309.92883,5197.0195,111264.49,2546.5352,5.881266,1.9722072E10,0.0,1555.3431
15.25,710.01605,142.08235,1.3044685E9,1.729959E10,0.0,4.0839668E7,0.0,169.52095,285.87225,5173.1187,107694.25,1399.2229,3.5089324,1.5313803E10,0.0,1564.1357
15.333333,684.5911,150.90437,1.3123412E9,1.725168E10,0.0,4.1619156E7,0.0,159.1154,1336.3768,4998.9224,103940.02,0.0,11.423448,3.9026393E10,0.0,1572.3369
15.416667,681.1722,156.41487,1.3398842E9,1.9122612E10,0.0,4.537197E7,0.0,153.18648,2563.7124,4805.4077,99670.42,0.0,14.552395,6.5214087E10,9836.602,1580.2236
15.5,661.6569,163.24799,1.541736E9,2.3719967E10,0.0,5.146862E7,0.0,173.8253,3972.2332,4668.9253,77940.695,0.0,40.133934,8.779286E10,6988.66,1585.8295
15.583333,654.3729,169.78372,2.3738342E9,3.1155833E10,0.0,5.6788468E7,0.0,186.2989,2918.08,6.798627,46150.72,0.0,42.31935,1.4895912E11,5089.9033,1591.0623
15.666667,683.1391,172.72148,3.0543596E9,3.239489E10,0.0,5.8019676E7,0.0,202.02682,2397.8047,7.0510445,44271.758,0.0,38.423973,1.8148262E11,3724.0095,1595.9594
15.75,723.4097,158.16661,3.8901427E9,3.1575402E10,0.0,5.3573188E7,0.0,193.79144,2085.337,4.331764,43773.617,0.0,35.27965,2.0149626E11,5907.979,1603.6929
15.833333,744.20483,142.55394,3.8307082E9,3.703783E10,0.0,5.5751424E7,0.0,196.4983,1770.7399,3638.7605,41668.63,3725.9668,28.098057,2.1251752E11,6060.9385,1614.2491
15.916667,741.3068,118.22439,3.6637998E9,4.0797802E10,0.0,5.8636028E7,0.0,160.465,962.6895,3613.7024,38418.2,2844.4253,4.957843,2.0910465E11,5448.317,1624.0948
16.0,714.4037,122.17253,3.4022292E9,4.0665125E10,0.0,6.1717176E7,0.0,106.81914,762.91974,3542.0854,37893.273,2277.22,1.8414274,1.9719904E11,5000.458,1634.4985
16.083334,686.85706,117.34658,3.147554E9,3.885967E10,0.0,5.9824212E7,0.0,74.62238,733.7902,3408.1938,36595.332,1941.8169,0.44142473,1.8646956E11,0.0,1645.3318
16.166666,662.44934,129.11575,3.0322796E9,4.029791E10,0.0,5.759014E7,0.0,60.799164,517.35486,3312.1077,35432.215,1485.4476,0.6819385,1.7121439E11,0.0,1652.274
16.25,622.18976,173.94833,3.136612E9,4.0966177E10,0.0,5.4876516E7,0.0,59.767536,245.46687,3233.403,34696.88,701.7132,3.748799,1.6554633E11,0.0,1653.7089
16.333334,612.67834,248.45027,3.295048E9,5.5478137E10,0.0,5.3792296E7,0.0,59.504856,235.59183,3293.5403,34170.21,0.0,63.347336,1.6082464E11,0.0,1655.9878
16.416666,601.87775,286.22278,3.3973414E9,5.8844983E10,0.0,5.586605E7,0.0,62.95027,361.58084,3194.2146,33375.56,0.0,8.811864,2.1886483E11,6138.528,1660.0386
16.5,558.9896,279.87512,3.5305436E9,5.9673625E10,0.0,6.1320076E7,0.0,304.47214,1924.7153,3274.7375,32545.98,0.0,9.490867,3.830599E11,5334.1035,1663.1598
16.583334,549.89996,239.02492,5.6353577E9,6.775076E10,0.0,6.3377944E7,0.0,1020.0297,3628.819,413.61108,32073.275,0.0,6.5493574,5.0931217E11,5113.921,1666.2631
16.666666,578.7997,204.05298,5.482944E9,1.6550846E11,0.0,1.0126424E8,0.0,1345.8716,2951.5369,456.04172,33907.59,0.0,0.06411173,6.567706E11,5178.6113,1667.9319
16.75,614.82153,182.32233,5.1819213E9,1.8770318E11,0.0,1.4615205E8,0.0,939.0548,2512.349,748.24146,38937.344,0.0,2.1552112,6.2112786E11,5720.9727,1675.2953
16.833334,640.02954,117.1956,5.090518E9,2.1286864E11,0.0,2.0481293E8,0.0,220.39319,2171.5085,2832.2688,33467.207,1254.0132,5.986719,6.2030755E11,5887.813,1683.8846
16.916666,654.4354,96.66122,5.046814E9,2.1143627E11,0.0,2.3312424E8,0.0,135.33066,1967.2848,2804.8074,33245.684,825.1519,6.6197104,5.4554493E11,5411.6567,1692.6614
17.0,659.9388,81.109024,5.04167E9,2.0260702E11,0.0,2.3519974E8,0.0,121.65036,1822.8146,2790.5217,34564.633,670.74426,5.2254944,4.7907822E11,5149.3765,1702.5194
17.083334,648.14056,80.14638,4.7302164E9,2.0724747E11,0.0,1.6323666E8,0.0,104.42996,1716.3236,2759.5454,39144.58,418.44092,4.694108,4.599171E11,0.0,1712.0082
17.166666,603.60724,92.01707,4.4775076E9,2.0447866E11,0.0,1.19908344E8,0.0,104.74331,1631.1887,2731.1755,33136.93,118.25433,1.624161,4.2092148E11,0.0,1717.0763
17.25,600.13763,101.2517,4.2197688E9,2.2880012E11,0.0,1.1964741E8,0.0,94.17388,1649.9008,2734.0,23319.752,110.897835,0.13663073,3.7577182E11,0.0,1721.7865
17.333334,597.6144,119.110146,4.1380815E9,3.1342605E11,0.0,1.2472988E8,0.0,72.62037,1091.9775,2692.0698,24657.707,0.0,0.42711997,3.6501225E11,0.0,1727.1603
17.416666,577.8235,112.187744,4.227483E9,3.6505816E11,0.0,1.4218408E8,0.0,75.864944,1228.9224,2665.318,26903.734,0.0,8.537764,3.6015813E11,5926.843,1732.0173
17.5,559.10114,101.22479,4.4074706E9,3.9541965E11,0.0,1.6647075E8,0.0,122.07511,3609.0654,2680.2175,266157.78,0.0,10.277273,5.3879403E11,5325.3354,1736.4661
17.583334,545.0947,90.90779,4.8198267E9,3.9867957E11,0.0,1.9378768E8,0.0,164.78188,4431.8022,826.1373,284455.94,0.0,9.857418,9.5322564E11,5522.742,1740.25
17.666666,559.0088,87.17054,6.044888E9,3.900212E11,0.0,4.0652685E8,0.0,179.22969,3816.5652,1668.8413,321183.75,0.0,11.449474,1.399246E12,5873.2075,1743.1003
17.75,573.03046,60.178715,7.035038E9,4.256413E11,0.0,5.8641696E8,0.0,196.06178,3531.9749,1623.7485,352464.34,0.0,12.246561,1.4613892E12,5816.4624,1751.0306
17.833334,585.14667,48.742012,7.8681974E9,4.4070925E11,0.0,6.926402E8,0.0,192.67714,3254.4873,2381.2493,402325.53,601.6044,14.138544,1.6009758E12,5837.845,1760.5698
17.916666,586.4207,35.300266,7.6967977E9,4.2775613E11,0.0,7.971061E8,0.0,183.76474,3014.6284,2423.8496,403471.03,490.24936,14.193823,1.5441658E12,5231.004,1770.0598
18.0,544.1309,46.357845,8.2899016E9,4.5151152E11,0.0,9.997644E8,0.0,153.08597,2770.8076,2456.9495,359724.0,409.36172,12.324221,1.4268819E12,5034.3354,1780.5817
18.083334,507.68463,57.776543,9.314595E9,4.405224E11,0.0,9.675035E8,0.0,132.06572,2534.6057,2429.452,386273.8,306.45218,9.887447,1.3538326E12,0.0,1793.1284
18.166666,475.63333,64.59415,9.196873E9,4.250774E11,0.0,1.0809508E9,0.0,118.46438,1832.952,2371.1729,399963.38,198.57089,9.318688,1.2174714E12,0.0,1799.6819
18.25,460.20758,69.73556,9.324359E9,3.9427657E11,0.0,1.04537306E9,0.0,95.65013,426.78458,2373.5383,395180.66,164.74695,2.918727,1.1384E12,0.0,1806.749
18.333334,458.30585,85.007965,9.671472E9,4.1368823E11,0.0,1.0162523E9,0.0,81.43665,430.3693,2377.7354,378655.06,0.0,7.36584,1.1170675E12,0.0,1812.8076
18.416666,456.79114,104.59676,9.544539E9,3.9884004E11,0.0,1.0027089E9,0.0,213.95325,2164.508,2397.0127,377964.25,0.0,11.065385,1.0688298E12,1343.0356,1817.349
18.5,423.32816,118.676285,1.0103229E10,4.1777997E11,0.0,1.03377894E9,0.0,260.13443,5741.34,2418.1233,399495.97,0.0,10.217908,1.4464704E12,2228.5,1824.3142
18.583334,414.67035,156.27249,1.336715E10,4.336216E11,0.0,1.902158E9,0.0,240.7141,5620.026,1245.7349,409848.25,0.0,4.67845,2.2466257E12,2043.9954,1830.1733
18.666666,422.55258,153.26994,1.7595994E10,4.256553E11,0.0,2.9393536E9,0.0,224.55501,4610.684,5184.179,269374.0,0.0,0.73719084,2.8198597E12,2438.5125,1835.2631
18.75,440.81116,120.67956,2.1226105E10,4.2652582E11,0.0,3.3765722E9,0.0,252.18874,3667.5034,2951.0671,7251.923,0.0,4.2437634,2.9152224E12,2961.2505,1844.1697
18.833334,446.31104,80.71233,2.2913178E10,4.4028146E11,0.0,3.57205E9,0.0,233.07463,3306.251,2873.9438,6672.814,649.16785,1.614345,3.1231765E12,3382.9893,1853.5345
18.916666,448.66272,62.242176,2.2121783E10,4.757184E11,0.0,3.6700856E9,0.0,218.49646,3338.5186,3140.7117,6427.7617,608.6201,0.85312706,3.0558131E12,3579.9094,1862.0582
19.0,444.65756,48.299885,2.2131102E10,6.066988E11,0.0,4.2045274E9,0.0,151.49072,3191.7236,3301.0103,6051.3403,524.85425,0.81941336,2.7850726E12,3628.7454,1869.6527
19.083334,428.91028,33.625336,2.3239117E10,6.050894E11,0.0,4.4728177E9,0.0,147.40099,2910.1375,3380.5952,5591.6963,345.20853,1.127004,2.646984E12,0.0,1875.4172
19.166666,410.50195,33.12546,2.4258335E10,6.1302433E11,0.0,4.253812E9,0.0,120.64879,3141.366,3418.9636,3077.0508,31.650293,0.72385657,2.3833244E12,0.0,1876.994
19.25,395.19687,41.19028,2.3328184E10,8.037287E11,0.0,4.712299E9,0.0,105.968155,3204.0024,3466.9788,253.51028,17.906923,1.6265335,2.284413E12,0.0,1878.9495
19.333334,379.70523,46.59601,2.220661E10,9.525402E11,0.0,5.8251535E9,0.0,96.789696,3008.0576,3474.2007,243.6957,0.0,38.75727,2.272152E12,0.0,1882.3153
19.416666,364.2291,47.551197,2.136648E10,9.186568E11,0.0,6.8284764E9,0.0,211.64609,3246.9587,3448.0342,215.62929,0.0,48.644974,3.1142432E12,3135.35,1883.4254
19.5,342.66754,52.690323,1.9593167E10,9.092033E11,0.0,7.7740303E9,0.0,136.64594,5332.81,3483.628,206.8494,0.0,33.606068,6.671661E12,2918.3347,1881.5162
19.583334,339.10278,56.489857,2.397604E10,1.7473788E12,0.0,8.892092E9,0.0,150.93863,4440.7734,1313.623,190.8767,0.0,3.6400864,7.6863473E12,3150.1064,1881.1191
19.666666,359.88855,55.754375,4.737322E10,2.0112342E12,0.0,1.1729735E10,0.0,178.11227,4106.2134,1313.489,170.09761,0.0,3.4252422,7.748717E12,2981.6257,1880.8033
19.75,384.46332,56.8055,5.3763076E10,2.849843E12,0.0,1.3126404E10,0.0,152.89484,3682.462,1322.7577,166.2377,0.0,13.348584,8.979745E12,4839.4883,1884.3043
19.833334,397.576,36.06106,4.879682E10,3.1626824E12,0.0,1.4330458E10,0.0,135.64665,2956.4136,3063.8887,158.51767,23.499874,16.550385,9.359679E12,5155.7056,1887.6982
19.916666,401.76004,12.984401,4.1954345E10,3.42237E12,0.0,1.4637769E10,0.0,128.69096,2813.0378,3038.6206,152.02571,20.57716,12.611995,1.0187248E13,4939.2256,1893.5052
20.0,381.34506,22.077934,3.0383714E10,3.4036528E12,0.0,1.6128679E10,0.0,126.74869,2336.2563,3064.74,146.14795,20.391071,6.944306,9.997115E12,4775.6323,1899.791
